NAME,TYPE,UNIT,ADDR,RAW_ZERO,RAW_FULL,ENG_ZERO,ENG_FULL,ENG_UNITS,FORMAT,COMMENT,EDITCODE,LINKED,OID,REF1,REF2,DEADBAND,CUSTOM,TAGGENLINK,CLUSTER,EQUIP,ITEM,HISTORIAN,CUSTOM1,CUSTOM2,CUSTOM3,CUSTOM4,CUSTOM5,CUSTOM6,CUSTOM7,CUSTOM8,WRITEROLES,GUID
LW_Sub1_QualityTag,DIGITAL,LW_Sub1_CLX,QualityTag,,,,,,,Quality Check Tag,,,0x0012c630,,,,,,LW1_Cl,LW1.Sub1,,,LW903 Sub1,,,,,,,,,d3e9f5e1-52db-4af3-7388-853f561990d3
LW_Sub1_ProdTrip,DIGITAL,LW_Sub1_CLX,ProdTrip,,,,,,,Conveyor Tripped,,,0x0012c640,,,,,,LW1_Cl,LW1.Sub1,,,LW903 Sub1,,Alm_Prod,1,,,,,,a70d584e-2d30-4599-d396-b3a6063d2674
LW_Sub1_TripOK,DIGITAL,LW_Sub1_CLX,TripOK,,,,,,,Trips Healthy,,,0x0012c650,,,,,,LW1_Cl,LW1.Sub1,,,LW903 Sub1,,,1,,,,,,742e916d-e8a8-4255-1594-da08dc908ef4
LW_Sub1_WarnOK,DIGITAL,LW_Sub1_CLX,WarnOK,,,,,,,Warnings Healthy,,,0x0012c660,,,,,,LW1_Cl,LW1.Sub1,,,LW903 Sub1,,,1,,,,,,8a1a7933-15c0-4ba5-0c91-6bf92c140dd4
LW_Sub1_InterlockOK,DIGITAL,LW_Sub1_CLX,InterlockOK,,,,,,,Interlocks Healthy,,,0x0012c670,,,,,,LW1_Cl,LW1.Sub1,,,LW903 Sub1,,,1,,,,,,efb59636-c533-41d6-56ba-f00f65d5ecea
LW_Sub1_Reset_C,DIGITAL,LW_Sub1_CLX,Reset_C,,,,,,,SCADA Reset Command,,,0x0012c680,,,,,,LW1_Cl,LW1.Sub1,,,LW903 Sub1,,Alm_Event,,,,,,,e7598120-238e-4136-1395-20de19c4b413
LW_Sub1_ResetPB,DIGITAL,LW_Sub1_CLX,ResetPB,,,,,,,Local Reset Push Button,,,0x0012c690,,,,,,LW1_Cl,LW1.Sub1,,,LW903 Sub1,,Alm_Event,,,,,,,1059eeea-8ae2-413a-2c93-c3a635ae4d75
LW_Sub1_Transformer_InterlockOK,DIGITAL,LW_Sub1_CLX,Transformer_InterlockOK,,,,,,,Transformer Interlocks Healthy,,,0x0012c6a0,,,,,,LW1_Cl,LW1.Sub1,,,LW903 Sub1,,,1,,,,,,6e8f67a6-971e-4240-b38a-993c294c3f67
LW_Sub1_Transformer_TripOK,DIGITAL,LW_Sub1_CLX,Transformer_TripOK,,,,,,,Transformer Trip Healthy,,,0x0012c6b0,,,,,,LW1_Cl,LW1.Sub1,,,LW903 Sub1,,,1,,,,,,4111279f-abcd-44f3-1080-7085566da2c6
LW_Sub1_Transformer_WarnOK,DIGITAL,LW_Sub1_CLX,Transformer_WarnOK,,,,,,,Transformer Warning Healthy,,,0x0012c6c0,,,,,,LW1_Cl,LW1.Sub1,,,LW903 Sub1,,,1,,,,,,62b4209e-ee63-4512-eba9-8f61df234951
LW_Sub1_PumpCB_InterlockOK,DIGITAL,LW_Sub1_CLX,PumpCB_InterlockOK,,,,,,,Pump CB Interlocks Healthy,,,0x0012c6d0,,,,,,LW1_Cl,LW1.Sub1,,,LW903 Sub1,,,1,,,,,,2c8e2fce-21f5-4fe5-69bc-9c275428d28d
LW_Sub1_PumpCB_TripOK,DIGITAL,LW_Sub1_CLX,PumpCB_TripOK,,,,,,,Pump CB Trip Healthy,,,0x0012c6e0,,,,,,LW1_Cl,LW1.Sub1,,,LW903 Sub1,,,1,,,,,,9fc21956-de01-458d-2fa3-d88f37c7762d
LW_Sub1_PumpFeeder_InterlockOk,DIGITAL,LW_Sub1_CLX,PumpFeeder_InterlockOk,,,,,,,Pump Feeder Interlocks Healthy,,,0x0012c6f0,,,,,,LW1_Cl,LW1.Sub1,,,LW903 Sub1,,,1,,,,,,dcdf9335-4b45-4ae5-95a2-1315ec12a13d
LW_Sub1_PumpFeeder_TripOk,DIGITAL,LW_Sub1_CLX,PumpFeeder_TripOk,,,,,,,Pump Feeder Trips Healthy,,,0x0012c700,,,,,,LW1_Cl,LW1.Sub1,,,LW903 Sub1,,,1,,,,,,68d190a1-bb2c-412f-f296-1fb5990d8a81
LW_Sub1_FaceFeeders_InterlockOk,DIGITAL,LW_Sub1_CLX,FaceFeeders_InterlockOk,,,,,,,Face Feeders Interlocks Healthy,,,0x0012c710,,,,,,LW1_Cl,LW1.Sub1,,,LW903 Sub1,,,1,,,,,,7f798d61-74a4-40f6-5e87-a713baa568e4
LW_Sub1_FaceFeeders_TripOk,DIGITAL,LW_Sub1_CLX,FaceFeeders_TripOk,,,,,,,Face Feeders Trips Healthy,,,0x0012c720,,,,,,LW1_Cl,LW1.Sub1,,,LW903 Sub1,,,1,,,,,,643638d9-7c10-4725-2cb2-ba3d24908328
LW_Sub1_Supply240_InterlockOK,DIGITAL,LW_Sub1_CLX,Supply240_InterlockOK,,,,,,,240VAC Supply Interlocks Healthy,,,0x0012c730,,,,,,LW1_Cl,LW1.Sub1,,,LW903 Sub1,,,1,,,,,,12f4ef52-8c53-4d23-e395-1d9f4f229068
LW_Sub1_Supply240_TripOK,DIGITAL,LW_Sub1_CLX,Supply240_TripOK,,,,,,,240VAC Supply Trip Healthy,,,0x0012c740,,,,,,LW1_Cl,LW1.Sub1,,,LW903 Sub1,,,1,,,,,,86c5ce03-622a-48d4-5dad-44317ba5e1ba
LW_Sub1_PLC_TripOK,DIGITAL,LW_Sub1_CLX,PLC_TripOK,,,,,,,PLC Supply Trip Healthy,,,0x0012c750,,,,,,LW1_Cl,LW1.Sub1,,,LW903 Sub1,,,1,,,,,,7d6c4eb9-2dc2-4cf8-c996-5bfe48dba4dc
LW_Sub1_Transformer_LTDoorLimits_SR_t,DIGITAL,LW_Sub1_CLX,Transformer_LTDoorLimits_SR_t,,,,,,,Transformer LT Door Limits Safety Relay Trip,,,0x0012c760,,,,,,LW1_Cl,LW1.Sub1,,,LW903 Sub1,,Alm_Trip,,,,,,,694471b2-7b07-4860-7dae-e28d5d6e2bab
LW_Sub1_240V_NER_ISO_CLSD_I,DIGITAL,LW_Sub1_CLX,LW_SS01_240V_NER_ISO_CLSD_I,,,,,,,240V NER Isolator Closed,,,0x0012c770,,,,,,LW1_Cl,LW1.Sub1,,,LW903 Sub1,,,,,,,,,3ac142b6-01d8-45fe-1986-b49e26184df4
LW_Sub1_240V_NER_ISO_OPN_T,DIGITAL,LW_Sub1_CLX,LW_SS01_240V_NER_ISO_OPN_T,,,,,,,240V NER Switch Open,,,0x0012c780,,,,,,LW1_Cl,LW1.Sub1,,,LW903 Sub1,,Alm_Trip,,,,,,,4ba894fd-ed88-43b8-f6b2-aeb3c5388de1
LW_Sub1_BUEL_240V_T,DIGITAL,LW_Sub1_CLX,LW_SS01_BUEL_240V_T,,,,,,,240V BUEL Tripped,,,0x0012c790,,,,,,LW1_Cl,LW1.Sub1,,,LW903 Sub1,,Alm_Trip,,,,,,,8bfc5de1-49aa-44d9-6ea2-b916497b81a4
LW_Sub1_CB_240V_CLSD_I,DIGITAL,LW_Sub1_CLX,LW_SS01_CB_240V_CLSD_I,,,,,,,240V CB Closed,,,0x0012c7a0,,,,,,LW1_Cl,LW1.Sub1,,,LW903 Sub1,,,,,,,,,a2c2ed02-4048-41e7-f3a8-c0057552ec60
LW_Sub1_CB_240V_OPN_W,DIGITAL,LW_Sub1_CLX,LW_SS01_CB_240V_OPN_W,,,,,,,240V CB Open,,,0x0012c7b0,,,,,,LW1_Cl,LW1.Sub1,,,LW903 Sub1,,Alm_Trip,,,,,,,99bfae87-3946-4614-9380-1078bdaf2c6b
LW_Sub1_Face_CB_ESW_CLSD_W,DIGITAL,LW_Sub1_CLX,LW_SS01_Face_CB_ESW_CLSD_W,,,,,,,Face CB Earth Switch Closed,,,0x0012c7c0,,,,,,LW1_Cl,LW1.Sub1,,,LW903 Sub1,,Alm_Trip,,,,,,,e954872e-7252-4588-17b6-2db9751369ea
LW_Sub1_MC_240V_HTY_I,DIGITAL,LW_Sub1_CLX,LW_SS01_MC_240V_HTY_I,,,,,,,240V MC Healthy,,,0x0012c7d0,,,,,,LW1_Cl,LW1.Sub1,,,LW903 Sub1,,,,,,,,,0d5b146b-7124-4fcd-5e95-6637654f09d0
LW_Sub1_MC_240V_OPN_W,DIGITAL,LW_Sub1_CLX,LW_SS01_MC_240V_OPN_W,,,,,,,240V MC Open,,,0x0012c7e0,,,,,,LW1_Cl,LW1.Sub1,,,LW903 Sub1,,Alm_Trip,,,,,,,7a50fb3a-caa2-4219-ce87-f5bdefd26cba
LW_Sub1_TXF_CB_CLO_c_CMD_i,DIGITAL,LW_Sub1_CLX,LW_SS01_TXF.CB.CLO_c.CMD_i,,,,,,,Transformer CB SCADA Close,,,0x0012c7f0,,,,,,LW1_Cl,LW1.Sub1,,,LW903 Sub1,,Alm_Event,,,,,,,5f35fce6-401d-4d4f-1489-f6454729be1a
LW_Sub1_TXF_CB_OPN_c_CMD_i,DIGITAL,LW_Sub1_CLX,LW_SS01_TXF.CB.OPN_c.CMD_i,,,,,,,Transformer CB SCADA Open,,,0x0012c800,,,,,,LW1_Cl,LW1.Sub1,,,LW903 Sub1,,Alm_Event,,,,,,,da125a19-97cd-4b7a-5984-742d79e4c06e
LW_Sub1_TXF_CB_Tst_UV_c_CMD_i,DIGITAL,LW_Sub1_CLX,LW_SS01_TXF.CB.Tst_UV_c.CMD_i,,,,,,,Transformer CB UV Trip Test,,,0x0012c810,,,,,,LW1_Cl,LW1.Sub1,,,LW903 Sub1,,Alm_Event,,,,,,,b2e56687-ec2c-45f4-a5b6-9feed28c03da
LW_Sub1_TXF_CB_Tst_ST_c_CMD_i,DIGITAL,LW_Sub1_CLX,LW_SS01_TXF.CB.Tst_ST_c.CMD_i,,,,,,,Transformer CB ST Trip Test,,,0x0012c820,,,,,,LW1_Cl,LW1.Sub1,,,LW903 Sub1,,Alm_Event,,,,,,,397a928f-e86b-4d5e-52a2-d3c492790ca5
LW_Sub1_TXF_CB_CLSD_i,DIGITAL,LW_Sub1_CLX,LW_SS01_TXF.CB.CLSD_i,,,,,,,Transformer CB Close Input [1=Closed 0=Not Closed],,,0x0012c830,,,,,,LW1_Cl,LW1.Sub1,,,LW903 Sub1,,,,,,,,,558601ea-788d-4f4d-c186-99b3a5c9e298
LW_Sub1_TXF_CB_OPS_OPS_v,LONG,LW_Sub1_CLX,LW_SS01_TXF.CB.OPS.OPS_v,,,,,,,Transformer Operations Count,,,0x0012c840,,,,,,LW1_Cl,LW1.Sub1,,,LW903 Sub1,,,,,,,,,6c114973-fbef-4958-3d91-bc907b965fb9
LW_Sub1_TXF_ESW_CLSD_I,DIGITAL,LW_Sub1_CLX,LW_SS01_TXF.ESW.CLSD_i,,,,,,,Transformer ESW Closed,,,0x0012c850,,,,,,LW1_Cl,LW1.Sub1,,,LW903 Sub1,,,,,,,,,a18c15c6-e1fe-40b7-499a-20985ea00c21
LW_Sub1_UFES_RDY_t,DIGITAL,LW_Sub1_CLX,LW_SS01_TXF.UFES.RDY_t,,,,,,,Transformer UFES Ready Trip,,,0x0012c860,,,,,,LW1_Cl,LW1.Sub1,,,LW903 Sub1,,Alm_Trip,,,,,,,299a27b4-2771-4a83-eaa6-8bb6c4c82044
LW_Sub1_UFES_BLKD_t,DIGITAL,LW_Sub1_CLX,LW_SS01_TXF.UFES.BLKD_t,,,,,,,Transformer UFES Blocked Trip,,,0x0012c870,,,,,,LW1_Cl,LW1.Sub1,,,LW903 Sub1,,Alm_Trip,,,,,,,476b059f-a114-4b74-6da8-5ad0c7970df6
LW_Sub1_UFES_TRP_t,DIGITAL,LW_Sub1_CLX,LW_SS01_TXF.UFES.TRP_t,,,,,,,Transformer UFES Tripped,,,0x0012c880,,,,,,LW1_Cl,LW1.Sub1,,,LW903 Sub1,,Alm_Trip,,,,,,,2640840f-0679-4093-369f-2ae5a7451b40
LW_Sub1_TXF_ESTP_HT_i,DIGITAL,LW_Sub1_CLX,LW_SS01_TXF.ESTP_HT_i,,,,,,,Transformer Emergency Stop High Tension Active,,,0x0012c890,,,,,,LW1_Cl,LW1.Sub1,,,LW903 Sub1,,Alm_Trip,,,,,,,5055f40c-967a-48b4-a0a2-d386d9491bb3
LW_Sub1_TXF_ESTP_LT1_i,DIGITAL,LW_Sub1_CLX,LW_SS01_TXF.ESTP_LT1_i,,,,,,,Transformer Emergency Stop Low Tension 1 Active,,,0x0012c8a0,,,,,,LW1_Cl,LW1.Sub1,,,LW903 Sub1,,Alm_Trip,,,,,,,99769542-aaf5-495a-1d87-8093ccc8551f
LW_Sub1_TXF_ESTP_LT2_i,DIGITAL,LW_Sub1_CLX,LW_SS01_TXF.ESTP_LT2_i,,,,,,,Transformer Emergency Stop Low Tension 2 Active,,,0x0012c8b0,,,,,,LW1_Cl,LW1.Sub1,,,LW903 Sub1,,Alm_Trip,,,,,,,f2a0d5e9-19d3-4136-0186-b593e5242f96
LW_Sub1_TXF_ESTP_PEND_i,DIGITAL,LW_Sub1_CLX,LW_SS01_TXF.ESTP_PEND_i,,,,,,,Transformer Emergency Stop Pendant Active,,,0x0012c8c0,,,,,,LW1_Cl,LW1.Sub1,,,LW903 Sub1,,Alm_Trip,,,,,,,8ad2e977-bff9-4747-4d8f-bd4d1481c15d
LW_Sub1_TXF_REM_MD_i,DIGITAL,LW_Sub1_CLX,LW_SS01_TXF.REM_MD_i,,,,,,,Transformer Pendant/HMI Switch in Pendant Mode,,,0x0012c8d0,,,,,,LW1_Cl,LW1.Sub1,,,LW903 Sub1,,,,,,,,,1a6cf66b-8eae-4ec2-229d-8e6dd53fef3c
LW_Sub1_TXF_BU_EL_t,DIGITAL,LW_Sub1_CLX,LW_SS01_TXF.BU_EL_t,,,,,,,Transformer Backup Earth Leakage Protection Relay Tripped,,,0x0012c8e0,,,,,,LW1_Cl,LW1.Sub1,,,LW903 Sub1,,Alm_Trip,,,,,,,4700374b-a57e-4a2a-278d-f6a04b7e2a1c
LW_Sub1_TXF_TAP_COV_t,DIGITAL,LW_Sub1_CLX,LW_SS01_TXF.TAP_COV_t,,,,,,,Transformer Tap Changer Cover Limit Tripped,,,0x0012c8f0,,,,,,LW1_Cl,LW1.Sub1,,,LW903 Sub1,,Alm_Trip,,,,,,,1cd1cfc6-deee-4585-00a3-1379de8d5cdd
LW_Sub1_TXF_NER_ISO_t,DIGITAL,LW_Sub1_CLX,LW_SS01_TXF.NER_ISO_t,,,,,,,Transformer NER Isolator Tripped,,,0x0012c900,,,,,,LW1_Cl,LW1.Sub1,,,LW903 Sub1,,Alm_Trip,,,,,,,37185f85-dbff-4bc7-9189-8698a6e4e982
LW_Sub1_TXF_SEPAM_t,DIGITAL,LW_Sub1_CLX,LW_SS01_TXF.SEPAM_t,,,,,,,Transformer 11kV Supply Sepam Tripped,,,0x0012c910,,,,,,LW1_Cl,LW1.Sub1,,,LW903 Sub1,,Alm_Trip,,,,,,,05a8d16e-87d1-4b7e-54b2-e03e8ce9ee88
LW_Sub1_TXF_SEPAM_WTDG_t,DIGITAL,LW_Sub1_CLX,LW_SS01_TXF.SEPAM_WTDG_t,,,,,,,Transformer 11kV Supply Sepam Watchdog Tripped,,,0x0012c920,,,,,,LW1_Cl,LW1.Sub1,,,LW903 Sub1,,Alm_Trip,,,,,,,fde5a7aa-2c07-47a6-868f-90b50245c088
LW_Sub1_TXF_SEPAM_OC_t,DIGITAL,LW_Sub1_CLX,LW_SS01_TXF.SEPAM_OC_t,,,,,,,Transformer Sepam Overcurrent Trip,,,0x0012c930,,,,,,LW1_Cl,LW1.Sub1,,,LW903 Sub1,,Alm_Trip,,,,,,,8a2c618d-bb47-4218-0297-df84d3ba0eb3
LW_Sub1_TXF_SEPAM_SC_t,DIGITAL,LW_Sub1_CLX,LW_SS01_TXF.SEPAM_SC_t,,,,,,,Transformer SEPAM Short Circuit Trip,,,0x0012c940,,,,,,LW1_Cl,LW1.Sub1,,,LW903 Sub1,,Alm_Trip,,,,,,,03df50aa-c7ea-4e40-4bb9-6cb9b726da66
LW_Sub1_TXF_LT_DR_LIM_t,DIGITAL,LW_Sub1_CLX,LW_SS01_TXF.LT_DR_LIM_t,,,,,,,Transformer LT Door Limits Trip,,,0x0012c950,,,,,,LW1_Cl,LW1.Sub1,,,LW903 Sub1,,Alm_Trip,,,,,,,82eead41-3b8c-4e84-e7ab-aa03cb8409dc
LW_Sub1_TXF_NER_RES_t,DIGITAL,LW_Sub1_CLX,LW_SS01_TXF.NER_RES_t,,,,,,,Transformer Neutral Earthing Resistor Fault,,,0x0012c960,,,,,,LW1_Cl,LW1.Sub1,,,LW903 Sub1,,Alm_Trip,,,,,,,8d1e76fc-3f41-4482-768e-e4cd2e06a72b
LW_Sub1_TXF_NER_MON_t,DIGITAL,LW_Sub1_CLX,LW_SS01_TXF.NER_MON_t,,,,,,,Transformer Neutral Earthing Monitor Tripped,,,0x0012c970,,,,,,LW1_Cl,LW1.Sub1,,,LW903 Sub1,,Alm_Trip,,,,,,,497820d7-58c2-4872-6a99-e8e0bc242f88
LW_Sub1_TXF_Tank_Under_Press_t,DIGITAL,LW_Sub1_CLX,LW_SS01_TXF.TANK_UNDER_PRESS_t,,,,,,,Transformer Underpresssure (<2kPA) Tripped,,,0x0012c980,,,,,,LW1_Cl,LW1.Sub1,,,LW903 Sub1,,Alm_Trip,,,,,,,7fde4dd2-693b-4758-0cba-1143dd5fc09e
LW_Sub1_TXF_Tank_Over_Press_t,DIGITAL,LW_Sub1_CLX,LW_SS01_TXF.TANK_OVER_PRESS_t,,,,,,,Transformer Overpresssure (>51kPA) Tripped,,,0x0012c990,,,,,,LW1_Cl,LW1.Sub1,,,LW903 Sub1,,Alm_Trip,,,,,,,35228d42-346c-403d-97b7-12ab8d7c6d07
LW_Sub1_TXF_CONT_ISOL_t,DIGITAL,LW_Sub1_CLX,LW_SS01_TXF.CONT_ISOL_t,,,,,,,Transformer Control Isolator Tripped,,,0x0012c9a0,,,,,,LW1_Cl,LW1.Sub1,,,LW903 Sub1,,Alm_Trip,,,,,,,f6ae0a9b-cd53-452b-b6a3-edaaf32c8bc9
LW_Sub1_TXF_ESTP_t,DIGITAL,LW_Sub1_CLX,LW_SS01_TXF.ESTP_t,,,,,,,Transformer Emergency Stop Safety Relay Tripped,,,0x0012c9b0,,,,,,LW1_Cl,LW1.Sub1,,,LW903 Sub1,,Alm_Trip,,,,,,,d930fda4-f9af-4bf7-cf85-2645c4447dd6
LW_Sub1_TXF_BU_EL_TST_c_CMD_i,DIGITAL,LW_Sub1_CLX,LW_SS01_TXF.BU_EL_TST_c.CMD_i,,,,,,,Backup Earth Leakage Command,,,0x0012c9c0,,,,,,LW1_Cl,LW1.Sub1,,,LW903 Sub1,,Alm_Event,,,,,,,ff64a8fd-0efa-44c4-ceb7-cc219c27275a
LW_Sub1_TXF_Press_CAL_0_kPa_c_CMD_i,DIGITAL,LW_Sub1_CLX,LW_SS01_TXF.PRESS_CAL_0_KPA_c.CMD_i,,,,,,,Transformer Calibrate the Zero KPA for the Transformer Pressure Sensor,,,0x0012c9d0,,,,,,LW1_Cl,LW1.Sub1,,,LW903 Sub1,,Alm_Event,,,,,,,41ee55a1-6fc3-4db4-42be-173b03b9bb7b
LW_Sub1_TXF_Press_CAL_50_kPa_c_CMD_i,DIGITAL,LW_Sub1_CLX,LW_SS01_TXF.PRESS_CAL_50_KPA_c.CMD_i,,,,,,,Transformer Calibrate the 50 KPA for the Transformer Pressure Sensor,,,0x0012c9e0,,,,,,LW1_Cl,LW1.Sub1,,,LW903 Sub1,,Alm_Event,,,,,,,caf22caf-56c2-4ba4-deba-ab1a9264682e
LW_Sub1_TXF_Press_CAL_100_kPa_c_CMD_i,DIGITAL,LW_Sub1_CLX,LW_SS01_TXF.PRESS_CAL_100_KPA_c.CMD_i,,,,,,,Transformer Calibrate the 100 KPA for the Transformer Pressure Sensor,,,0x0012c9f0,,,,,,LW1_Cl,LW1.Sub1,,,LW903 Sub1,,Alm_Event,,,,,,,21093568-f916-49bb-61be-1eb85d8fd3cd
LW_Sub1_START_c_CMD_i,DIGITAL,LW_Sub1_CLX,LW_SS01_START_c.CMD_i,,,,,,,Start Substation CMD,,,0x0012ca00,,,,,,LW1_Cl,LW1.Sub1,,,LW903 Sub1,,Alm_Event,,,,,,,4f850be1-2040-417a-cca2-8062e216db99
LW_Sub1_RST_PU_LAT_s,DIGITAL,LW_Sub1_CLX,LW_SS01_RST.PU_LAT_s,,,,,,,Power Up Latch,,,0x0012ca10,,,,,,LW1_Cl,LW1.Sub1,,,LW903 Sub1,,,,,,,,,684ba06d-e469-4da3-e981-2fbaabb884d6
LW_Sub1_RST_RST_c_CMD_i,DIGITAL,LW_Sub1_CLX,LW_SS01_RST.RST_c.CMD_i,,,,,,,Reset Command,,,0x0012ca20,,,,,,LW1_Cl,LW1.Sub1,,,LW903 Sub1,,Alm_Event,,,,,,,0e180a08-6534-4b66-e2b6-bb5e43041309
LW_Sub1_RST_RST_Face_C_CMD_i,DIGITAL,LW_Sub1_CLX,LW_SS01_RST.RST_FACE_C.CMD_i,,,,,,,Reset Face Command,,,0x0012ca30,,,,,,LW1_Cl,LW1.Sub1,,,LW903 Sub1,,Alm_Event,,,,,,,0249fe8f-fe34-4c27-429b-45d4405e2720
LW_Sub1_Compartment_VOR_ON_i,DIGITAL,LW_Sub1_CLX,LW_SS01_Comp.VOR_ON_i,,,,,,,Compartment Temp - Vortex Cooler On,,,0x0012ca40,,,,,,LW1_Cl,LW1.Sub1,,,LW903 Sub1,,,,,,,,,4f59ac06-c783-42e3-c08f-fc8fcb73d64f
LW_Sub1_Compartment_VOR_Water_Detected_i,DIGITAL,LW_Sub1_CLX,LW_SS01_Comp.VOR_Water_Detected_i,,,,,,,Compartment Temp - Water Detected in Vortex,,,0x0012ca50,,,,,,LW1_Cl,LW1.Sub1,,,LW903 Sub1,,,,,,,,,f9fced8c-9027-4816-ebb9-0d2ab504c562
LW_Sub1_CB_Face_CB_CLO_c_CMD_i,DIGITAL,LW_Sub1_CLX,LW_SS01_CB_Face.CB.CLO_c.CMD_i,,,,,,,Face CB SCADA Close,,,0x0012ca60,,,,,,LW1_Cl,LW1.Sub1,,,LW903 Sub1,,Alm_Event,,,,,,,a31c2b6b-a8aa-4510-85ba-8e42ffd6e727
LW_Sub1_CB_Face_CB_OPN_c_CMD_i,DIGITAL,LW_Sub1_CLX,LW_SS01_CB_Face.CB.OPN_c.CMD_i,,,,,,,Face CB SCADA Open,,,0x0012ca70,,,,,,LW1_Cl,LW1.Sub1,,,LW903 Sub1,,Alm_Event,,,,,,,7b8add91-89d1-44db-07a7-ef1c849f35d4
LW_Sub1_CB_Face_CB_Tst_UV_c_CMD_i,DIGITAL,LW_Sub1_CLX,LW_SS01_CB_Face.CB.Tst_UV_c.CMD_i,,,,,,,Face CB UV Trip Test,,,0x0012ca80,,,,,,LW1_Cl,LW1.Sub1,,,LW903 Sub1,,Alm_Event,,,,,,,bf00367f-1d34-46d3-3cb0-9df0ef02fc48
LW_Sub1_CB_Face_CB_Tst_ST_c_CMD_i,DIGITAL,LW_Sub1_CLX,LW_SS01_CB_Face.CB.Tst_ST_c.CMD_i,,,,,,,Face CB ST Trip Test,,,0x0012ca90,,,,,,LW1_Cl,LW1.Sub1,,,LW903 Sub1,,Alm_Event,,,,,,,4452f32e-c1d1-4b05-b691-7d3b47514d11
LW_Sub1_CB_Face_CB_CLSD_i,DIGITAL,LW_Sub1_CLX,LW_SS01_CB_Face.CB.CLSD_i,,,,,,,Face CB Close Input [1=Closed 0=Not Closed],,,0x0012caa0,,,,,,LW1_Cl,LW1.Sub1,,,LW903 Sub1,,,1,,,,,,bb9d1ae1-113e-4c4e-3fa7-a3268fc7f2b2
LW_Sub1_CB_Face_CB_FTO_t,DIGITAL,LW_Sub1_CLX,LW_SS01_CB_Face.CB.FTO_t,,,,,,,Face CB Failed to Open,,,0x0012cab0,,,,,,LW1_Cl,LW1.Sub1,,,LW903 Sub1,,Alm_Trip,,,,,,,cb766c8c-c166-4f73-7aa1-0e3f3acd43b3
LW_Sub1_CB_Face_CB_FTC_t,DIGITAL,LW_Sub1_CLX,LW_SS01_CB_Face.CB.FTC_t,,,,,,,Face CB Failed To Close,,,0x0012cac0,,,,,,LW1_Cl,LW1.Sub1,,,LW903 Sub1,,Alm_Trip,,,,,,,2939fcdd-3d35-4902-63a2-f933d0e741af
LW_Sub1_CB_Face_CB_UCO_t,DIGITAL,LW_Sub1_CLX,LW_SS01_CB_Face.CB.UCO_t,,,,,,,Face CB Un-commanded open,,,0x0012cad0,,,,,,LW1_Cl,LW1.Sub1,,,LW903 Sub1,,Alm_Trip,,,,,,,198b4aea-881b-4283-87b1-a57140971724
LW_Sub1_CB_Face_ESW_CLO_c_CMD_i,DIGITAL,LW_Sub1_CLX,LW_SS01_CB_Face.ESW.CLO_c.CMD_i,,,,,,,Face ESW SCADA Close,,,0x0012cae0,,,,,,LW1_Cl,LW1.Sub1,,,LW903 Sub1,,Alm_Event,,,,,,,50c62c4a-4496-4677-3385-7f58533be3ec
LW_Sub1_CB_Face_ESW_OPN_c_CMD_i,DIGITAL,LW_Sub1_CLX,LW_SS01_CB_Face.ESW.OPN_c.CMD_i,,,,,,,Face ESW SCADA Open,,,0x0012caf0,,,,,,LW1_Cl,LW1.Sub1,,,LW903 Sub1,,Alm_Event,,,,,,,d63f2917-3afb-4675-ed81-e0c6bfdf72a9
LW_Sub1_CB_Face_ESW_Tst_UV_c_CMD_i,DIGITAL,LW_Sub1_CLX,LW_SS01_CB_Face.ESW.Tst_UV_c.CMD_i,,,,,,,Face ESW UV Trip Test,,,0x0012cb00,,,,,,LW1_Cl,LW1.Sub1,,,LW903 Sub1,,Alm_Event,,,,,,,ec902bba-7079-42e1-7387-cb89f199ffec
LW_Sub1_CB_Face_ESW_Tst_ST_c_CMD_i,DIGITAL,LW_Sub1_CLX,LW_SS01_CB_Face.ESW.Tst_ST_c.CMD_i,,,,,,,Face ESW ST Trip Test,,,0x0012cb10,,,,,,LW1_Cl,LW1.Sub1,,,LW903 Sub1,,Alm_Event,,,,,,,a1cb621d-f152-4990-76bb-12684a21f6b8
LW_Sub1_CB_Face_ESW_CLSD_i,DIGITAL,LW_Sub1_CLX,LW_SS01_CB_Face.ESW.CLSD_i,,,,,,,Face ESW Close Input [1=Closed 0=Not Closed],,,0x0012cb20,,,,,,LW1_Cl,LW1.Sub1,,,LW903 Sub1,,,,,,,,,0050c703-f87a-4924-e9ad-893332dfb0d9
LW_Sub1_CB_Face_ESW_FTO_t,DIGITAL,LW_Sub1_CLX,LW_SS01_CB_Face.ESW.FTO_t,,,,,,,Face ESW Failed to Open,,,0x0012cb30,,,,,,LW1_Cl,LW1.Sub1,,,LW903 Sub1,,Alm_Trip,,,,,,,0ac296b3-737e-4ba8-c6bc-9b48f384409d
LW_Sub1_CB_Face_ESW_FTC_t,DIGITAL,LW_Sub1_CLX,LW_SS01_CB_Face.ESW.FTC_t,,,,,,,Face ESW Failed To Close,,,0x0012cb40,,,,,,LW1_Cl,LW1.Sub1,,,LW903 Sub1,,Alm_Trip,,,,,,,dcdd9c76-c630-4ffb-23ac-c3ecc7ae7475
LW_Sub1_CB_Face_ESW_UCO_t,DIGITAL,LW_Sub1_CLX,LW_SS01_CB_Face.ESW.UCO_t,,,,,,,Face ESW Un-commanded open,,,0x0012cb50,,,,,,LW1_Cl,LW1.Sub1,,,LW903 Sub1,,Alm_Trip,,,,,,,b33b6c24-ad64-47fb-83ad-60e7efd95c0f
LW_Sub1_CB_Face_CB_ESW_MECH_t,DIGITAL,LW_Sub1_CLX,LW_SS01_CB_Face.CB_ESW_MECH_t,,,,,,,Face Circuit Breaker and Earth Switch mechanical fault,,,0x0012cb60,,,,,,LW1_Cl,LW1.Sub1,,,LW903 Sub1,,Alm_Trip,,,,,,,b0b04dd0-fede-4bff-ada3-9d2433c7ecc0
LW_Sub1_CB_Face_COM_t,DIGITAL,LW_Sub1_CLX,LW_SS01_CB_Face.COM_t,,,,,,,Face Common trip,,,0x0012cb70,,,,,,LW1_Cl,LW1.Sub1,,,LW903 Sub1,,Alm_Trip,,,,,,,eee2b049-3019-4ba5-9888-21c54a144739
LW_Sub1_CB_Face_DUP_t,DIGITAL,LW_Sub1_CLX,LW_SS01_CB_Face.DUP_t,,,,,,,Face Duplicate Drive Trip,,,0x0012cb80,,,,,,LW1_Cl,LW1.Sub1,,,LW903 Sub1,,Alm_Trip,,,,,,,3d26e3e5-aa16-4645-a3a3-89bac20983dd
LW_Sub1_CB_Face_GAS_SF6_t,DIGITAL,LW_Sub1_CLX,LW_SS01_CB_Face.GAS_SF6_t,,,,,,,Face SF6 Gas Trip,,,0x0012cb90,,,,,,LW1_Cl,LW1.Sub1,,,LW903 Sub1,,Alm_Trip,,,,,,,07acf5c9-64e9-418e-e984-6c1203081a50
LW_Sub1_CB_Face_FTO_UV_t,DIGITAL,LW_Sub1_CLX,LW_SS01_CB_Face.FTO_UV_t,,,,,,,Face Undervoltage Fail to Open Trip,,,0x0012cba0,,,,,,LW1_Cl,LW1.Sub1,,,LW903 Sub1,,Alm_Trip,,,,,,,995d2340-31e3-4d0b-ba9d-3c1a5f287f8f
LW_Sub1_CB_Face_FTO_ST_t,DIGITAL,LW_Sub1_CLX,LW_SS01_CB_Face.FTO_ST_t,,,,,,,Face Shunt Trip Fail to Open Trip,,,0x0012cbb0,,,,,,LW1_Cl,LW1.Sub1,,,LW903 Sub1,,Alm_Trip,,,,,,,7c240f6a-1caa-4cfc-06a0-a09551e059b0
LW_Sub1_CB_Face_FTC_t,DIGITAL,LW_Sub1_CLX,LW_SS01_CB_Face.FTC_t,,,,,,,Face Fail To Close Trip,,,0x0012cbc0,,,,,,LW1_Cl,LW1.Sub1,,,LW903 Sub1,,Alm_Trip,,,,,,,712e0555-d864-49b7-30a2-2212852695e3
LW_Sub1_CB_Face_CONT_ISOL_t,DIGITAL,LW_Sub1_CLX,LW_SS01_CB_Face.CONT_ISOL_t,,,,,,,Face Control Isolator Tripped,,,0x0012cbd0,,,,,,LW1_Cl,LW1.Sub1,,,LW903 Sub1,,Alm_Trip,,,,,,,dadc4a2c-0af7-454d-d9a8-df6d5dbcb0d5
LW_Sub1_CB_Pmp_CB_CLO_c_CMD_i,DIGITAL,LW_Sub1_CLX,LW_SS01_CB_Pmp.CB.CLO_c.CMD_i,,,,,,,Pump CB SCADA Close,,,0x0012cbe0,,,,,,LW1_Cl,LW1.Sub1,,,LW903 Sub1,,Alm_Event,,,,,,,30ec5b13-4e12-4fd7-b1aa-6faaa40836e3
LW_Sub1_CB_Pmp_CB_OPN_c_CMD_i,DIGITAL,LW_Sub1_CLX,LW_SS01_CB_Pmp.CB.OPN_c.CMD_i,,,,,,,Pump CB SCADA Open,,,0x0012cbf0,,,,,,LW1_Cl,LW1.Sub1,,,LW903 Sub1,,Alm_Event,,,,,,,f4dd45d9-4406-4df0-97a0-df09059537e3
LW_Sub1_CB_Pmp_CB_OPN_c_CMD_s,DIGITAL,LW_Sub1_CLX,LW_SS01_CB_Pmp.CB.OPN_c.CMD_s,,,,,,,Pump CB Output CMD On Delay,,,0x0012cc00,,,,,,LW1_Cl,LW1.Sub1,,,LW903 Sub1,,,,,,,,,e0aa592e-7ca0-40c2-4b82-a3036211804b
LW_Sub1_CB_Pmp_CB_Tst_UV_c_CMD_i,DIGITAL,LW_Sub1_CLX,LW_SS01_CB_Pmp.CB.Tst_UV_c.CMD_i,,,,,,,Pump CB UV Trip Test,,,0x0012cc10,,,,,,LW1_Cl,LW1.Sub1,,,LW903 Sub1,,Alm_Event,,,,,,,7cccb2cf-e870-4114-8a8a-c8fa9613422f
LW_Sub1_CB_Pmp_CB_Tst_ST_c_CMD_i,DIGITAL,LW_Sub1_CLX,LW_SS01_CB_Pmp.CB.Tst_ST_c.CMD_i,,,,,,,Pump CB ST Trip Test,,,0x0012cc20,,,,,,LW1_Cl,LW1.Sub1,,,LW903 Sub1,,Alm_Event,,,,,,,78acfdba-4b41-4f45-45af-b66b22627676
LW_Sub1_CB_Pmp_CB_CLSD_i,DIGITAL,LW_Sub1_CLX,LW_SS01_CB_Pmp.CB.CLSD_i,,,,,,,Pump CB Close Input [1=Closed 0=Not Closed],,,0x0012cc30,,,,,,LW1_Cl,LW1.Sub1,,,LW903 Sub1,,,1,,,,,,952d8462-9eee-4ff3-e0ab-0f9e1367fc21
LW_Sub1_CB_Pmp_CB_FTO_t,DIGITAL,LW_Sub1_CLX,LW_SS01_CB_Pmp.CB.FTO_t,,,,,,,Pump CB Failed to Open,,,0x0012cc40,,,,,,LW1_Cl,LW1.Sub1,,,LW903 Sub1,,Alm_Trip,,,,,,,393adbb8-6298-45e8-b2a0-d5a0bc3d6450
LW_Sub1_CB_Pmp_CB_FTC_t,DIGITAL,LW_Sub1_CLX,LW_SS01_CB_Pmp.CB.FTC_t,,,,,,,Pump CB Failed To Close,,,0x0012cc50,,,,,,LW1_Cl,LW1.Sub1,,,LW903 Sub1,,Alm_Trip,,,,,,,046ca486-4ad8-4399-e0a7-a3a689d160f2
LW_Sub1_CB_Pmp_CB_UCO_t,DIGITAL,LW_Sub1_CLX,LW_SS01_CB_Pmp.CB.UCO_t,,,,,,,Pump CB Un-commanded open,,,0x0012cc60,,,,,,LW1_Cl,LW1.Sub1,,,LW903 Sub1,,Alm_Trip,,,,,,,75e158e8-6211-4de6-3f84-7199ac33dc98
LW_Sub1_CB_Pmp_ESW_CLO_c_CMD_i,DIGITAL,LW_Sub1_CLX,LW_SS01_CB_Pmp.ESW.CLO_c.CMD_i,,,,,,,Pump ESW SCADA Close,,,0x0012cc70,,,,,,LW1_Cl,LW1.Sub1,,,LW903 Sub1,,Alm_Event,,,,,,,15424900-b82f-4124-4fbe-baa6c80bcac3
LW_Sub1_CB_Pmp_ESW_OPN_c_CMD_i,DIGITAL,LW_Sub1_CLX,LW_SS01_CB_Pmp.ESW.OPN_c.CMD_i,,,,,,,Pump ESW SCADA Open,,,0x0012cc80,,,,,,LW1_Cl,LW1.Sub1,,,LW903 Sub1,,Alm_Event,,,,,,,b8e266c1-a8e4-4e4f-e289-952fb0740e62
LW_Sub1_CB_Pmp_ESW_Tst_UV_c_CMD_i,DIGITAL,LW_Sub1_CLX,LW_SS01_CB_Pmp.ESW.Tst_UV_c.CMD_i,,,,,,,Pump ESW UV Trip Test,,,0x0012cc90,,,,,,LW1_Cl,LW1.Sub1,,,LW903 Sub1,,Alm_Event,,,,,,,f0d39928-e487-4efa-81bd-180093f31cf8
LW_Sub1_CB_Pmp_ESW_Tst_ST_c_CMD_i,DIGITAL,LW_Sub1_CLX,LW_SS01_CB_Pmp.ESW.Tst_ST_c.CMD_i,,,,,,,Pump ESW ST Trip Test,,,0x0012cca0,,,,,,LW1_Cl,LW1.Sub1,,,LW903 Sub1,,Alm_Event,,,,,,,36bf707b-5299-4fb7-169b-cf8876d6bb8e
LW_Sub1_CB_Pmp_ESW_CLSD_i,DIGITAL,LW_Sub1_CLX,LW_SS01_CB_Pmp.ESW.CLSD_i,,,,,,,Pump ESW Close Input [1=Closed 0=Not Closed],,,0x0012ccb0,,,,,,LW1_Cl,LW1.Sub1,,,LW903 Sub1,,,,,,,,,fc268410-a332-4303-fe87-01158387dcba
LW_Sub1_CB_Pmp_ESW_FTO_t,DIGITAL,LW_Sub1_CLX,LW_SS01_CB_Pmp.ESW.FTO_t,,,,,,,Pump ESW Failed to Open,,,0x0012ccc0,,,,,,LW1_Cl,LW1.Sub1,,,LW903 Sub1,,Alm_Trip,,,,,,,a015f352-e1da-4e33-daab-604bdaee4f38
LW_Sub1_CB_Pmp_ESW_FTC_t,DIGITAL,LW_Sub1_CLX,LW_SS01_CB_Pmp.ESW.FTC_t,,,,,,,Pump ESW Failed To Close,,,0x0012ccd0,,,,,,LW1_Cl,LW1.Sub1,,,LW903 Sub1,,Alm_Trip,,,,,,,cc8ba389-20d8-4a8a-2b8f-3d120e7cb4ec
LW_Sub1_CB_Pmp_ESW_UCO_t,DIGITAL,LW_Sub1_CLX,LW_SS01_CB_Pmp.ESW.UCO_t,,,,,,,Pump ESW Un-commanded open,,,0x0012cce0,,,,,,LW1_Cl,LW1.Sub1,,,LW903 Sub1,,Alm_Trip,,,,,,,81b33729-50b6-4bed-2dbd-81becbcf3f12
LW_Sub1_CB_Pmp_CB_ESW_MECH_t,DIGITAL,LW_Sub1_CLX,LW_SS01_CB_Pmp.CB_ESW_MECH_t,,,,,,,Pump Circuit Breaker and Earth Switch mechanical fault,,,0x0012ccf0,,,,,,LW1_Cl,LW1.Sub1,,,LW903 Sub1,,Alm_Trip,,,,,,,cf03281a-2d48-4590-b99d-cb465615c788
LW_Sub1_CB_Pmp_COM_t,DIGITAL,LW_Sub1_CLX,LW_SS01_CB_Pmp.COM_t,,,,,,,Pump Common trip,,,0x0012cd00,,,,,,LW1_Cl,LW1.Sub1,,,LW903 Sub1,,Alm_Trip,,,,,,,7d9a9a55-aed4-4a0d-11ac-858208f61a0f
LW_Sub1_CB_Pmp_DUP_t,DIGITAL,LW_Sub1_CLX,LW_SS01_CB_Pmp.DUP_t,,,,,,,Pump Duplicate Drive Trip,,,0x0012cd10,,,,,,LW1_Cl,LW1.Sub1,,,LW903 Sub1,,Alm_Trip,,,,,,,d8c3b089-71e3-4b39-3eac-3fd1340112ac
LW_Sub1_CB_Pmp_GAS_SF6_t,DIGITAL,LW_Sub1_CLX,LW_SS01_CB_Pmp.GAS_SF6_t,,,,,,,Pump SF6 Gas Trip,,,0x0012cd20,,,,,,LW1_Cl,LW1.Sub1,,,LW903 Sub1,,Alm_Trip,,,,,,,cbf42e10-a660-4a1a-afbd-e1ea3bea6c54
LW_Sub1_CB_Pmp_FTO_UV_t,DIGITAL,LW_Sub1_CLX,LW_SS01_CB_Pmp.FTO_UV_t,,,,,,,Pump Undervoltage Fail to Open Trip,,,0x0012cd30,,,,,,LW1_Cl,LW1.Sub1,,,LW903 Sub1,,Alm_Trip,,,,,,,3fa01ff3-7967-4fe7-14aa-15d779b9b000
LW_Sub1_CB_Pmp_FTO_ST_t,DIGITAL,LW_Sub1_CLX,LW_SS01_CB_Pmp.FTO_ST_t,,,,,,,Pump Shunt Trip Fail to Open Trip,,,0x0012cd40,,,,,,LW1_Cl,LW1.Sub1,,,LW903 Sub1,,Alm_Trip,,,,,,,4e46a5a4-46c3-4165-1c86-f48dbe86ef63
LW_Sub1_CB_Pmp_FTC_t,DIGITAL,LW_Sub1_CLX,LW_SS01_CB_Pmp.FTC_t,,,,,,,Pump Fail To Close Trip,,,0x0012cd50,,,,,,LW1_Cl,LW1.Sub1,,,LW903 Sub1,,Alm_Trip,,,,,,,bb2e897d-7501-436d-008c-046bde206eff
LW_Sub1_CB_Pmp_CONT_ISOL_t,DIGITAL,LW_Sub1_CLX,LW_SS01_CB_Pmp.CONT_ISOL_t,,,,,,,Pump Control Isolator Tripped,,,0x0012cd60,,,,,,LW1_Cl,LW1.Sub1,,,LW903 Sub1,,Alm_Trip,,,,,,,7c4ace07-e407-4825-1184-8e362aeeed2a
LW_Sub1_FDR_DCB_PMP_INS_s,DIGITAL,LW_Sub1_CLX,LW_SS01_FDR.DCB_PMP_INS_s,,,,,,,Pump DCB Feeder Inserted Status,,,0x0012cd70,,,,,,LW1_Cl,LW1.Sub1,,,LW903 Sub1,,,,,,,,,1bbc2c3d-0448-4fca-e29d-c7ac59610188
LW_Sub1_FDR_DCB_FACE_I_DIFF_w,DIGITAL,LW_Sub1_CLX,LW_SS01_FDR.DCB_FACE_I_DIFF_w,,,,,,,Face Feeders Current Difference Warning,,,0x0012cd80,,,,,,LW1_Cl,LW1.Sub1,,,LW903 Sub1,,Alm_Warning,,,,,,,c9dbd4dc-83d4-4be2-b4a2-091e9699608d
LW_Sub1_FDR_DCB_FACE_I_DIFF_t,DIGITAL,LW_Sub1_CLX,LW_SS01_FDR.DCB_FACE_I_DIFF_t,,,,,,,Face Feeders Current Difference Trip,,,0x0012cd90,,,,,,LW1_Cl,LW1.Sub1,,,LW903 Sub1,,Alm_Trip,,,,,,,1b43113b-18b1-44cc-0a9a-6e5c7dfba9d8
LW_Sub1_FDR_Face_CLO_c_CMD_i,DIGITAL,LW_Sub1_CLX,LW_SS01_FDR.DCB_Face_CLO_c.CMD_i,,,,,,,Face Feeder Close,,,0x0012cda0,,,,,,LW1_Cl,LW1.Sub1,,,LW903 Sub1,,Alm_Event,,,,,,,ea9afdf9-d31a-4128-24ab-3cbc795413cc
LW_Sub1_FDR_Face_OPN_c_CMD_i,DIGITAL,LW_Sub1_CLX,LW_SS01_FDR.DCB_Face_OPN_c.CMD_i,,,,,,,Face Feeder Open,,,0x0012cdb0,,,,,,LW1_Cl,LW1.Sub1,,,LW903 Sub1,,Alm_Event,,,,,,,68af6791-dad7-4a4c-dbb8-dce95ca87e44
LW_Sub1_FDR_Pmp_CLO_c_CMD_i,DIGITAL,LW_Sub1_CLX,LW_SS01_FDR.DCB_Pmp_CLO_c.CMD_i,,,,,,,Pump Feeder Close,,,0x0012cdc0,,,,,,LW1_Cl,LW1.Sub1,,,LW903 Sub1,,Alm_Event,,,,,,,3d3e01b2-98db-4460-48b3-6351e405c98d
LW_Sub1_FDR_Pmp_OPN_c_CMD_i,DIGITAL,LW_Sub1_CLX,LW_SS01_FDR.DCB_Pmp_OPN_c.CMD_i,,,,,,,Pump Feeder Open,,,0x0012cdd0,,,,,,LW1_Cl,LW1.Sub1,,,LW903 Sub1,,Alm_Event,,,,,,,043cf5cb-dda3-4b0d-2284-33eaba00ee3c
LW_Sub1_FDR_DCB_Pmp_IPX_DATA_ALM_HTY_s,DIGITAL,LW_Sub1_CLX,LW_SS01_FDR.DCB_PMP.IPX.DATA.ALM.HTY_s,,,,,,,Pump IPX Healthy,,,0x0012cde0,,,,,,LW1_Cl,LW1.Sub1,,,LW903 Sub1,,,,,,,,,d1a44d87-701d-4bc4-87be-91c730f21ede
LW_Sub1_FDR_DCB_Pmp_CTRLS_FND_s,DIGITAL,LW_Sub1_CLX,LW_SS01_FDR.DCB_PMP.CTRLS.FND_s,,,,,,,Pump Feeder or Drive Found,,,0x0012cdf0,,,,,,LW1_Cl,LW1.Sub1,,,LW903 Sub1,,,,,,,,,d35b2541-5b52-4009-258b-8742caadef2c
LW_Sub1_FDR_DCB_Pmp_ALMS_INV_OTL_t,DIGITAL,LW_Sub1_CLX,LW_SS01_FDR.DCB_PMP.ALMS.INV_OTL_t,,,,,,,Pump Drive or Feeder in Invalid Outlet,,,0x0012ce00,,,,,,LW1_Cl,LW1.Sub1,,,LW903 Sub1,,Alm_Trip,,,,,,,8179cf3d-6264-468c-6e8a-1e52efa2a881
LW_Sub1_FDR_DCB_Pmp_CTRLS_CAS_INHIBIT_s,DIGITAL,LW_Sub1_CLX,LW_SS01_FDR.DCB_PMP.CTRLS.CAS_INHIBIT_s,,,,,,,Pump Outlet Inhibited to Start,,,0x0012ce10,,,,,,LW1_Cl,LW1.Sub1,,,LW903 Sub1,,Alm_Trip,,,,,,,edc47423-a778-4378-8b8b-b11a944452af
LW_Sub1_FDR_DCB_Face1_IPX_DATA_ALM_HTY_s,DIGITAL,LW_Sub1_CLX,LW_SS01_FDR.DCB_FACE[1].IPX.DATA.ALM.HTY_s,,,,,,,Face Feeder 1 IPX Healthy,,,0x0012ce20,,,,,,LW1_Cl,LW1.Sub1,,,LW903 Sub1,,,,,,,,,b97bcfb1-0ec6-4508-eeb4-ecff90bbeee9
LW_Sub1_FDR_DCB_Face2_IPX_DATA_ALM_HTY_s,DIGITAL,LW_Sub1_CLX,LW_SS01_FDR.DCB_FACE[2].IPX.DATA.ALM.HTY_s,,,,,,,Face Feeder 2 IPX Healthy,,,0x0012ce30,,,,,,LW1_Cl,LW1.Sub1,,,LW903 Sub1,,,,,,,,,d12dd6f7-0336-4c3a-ad9f-53fc8285bae2
LW_Sub1_FDR_DCB_Face3_IPX_DATA_ALM_HTY_s,DIGITAL,LW_Sub1_CLX,LW_SS01_FDR.DCB_FACE[3].IPX.DATA.ALM.HTY_s,,,,,,,Face Feeder 3 IPX Healthy,,,0x0012ce40,,,,,,LW1_Cl,LW1.Sub1,,,LW903 Sub1,,,,,,,,,64b8625c-4467-460b-4da3-c26e9131bd40
LW_Sub1_FDR_DCB_Face1_CTRLS_FND_s,DIGITAL,LW_Sub1_CLX,LW_SS01_FDR.DCB_FACE[1].CTRLS.FND_s,,,,,,,Face Feeder 1 Feeder or Drive Found,,,0x0012ce50,,,,,,LW1_Cl,LW1.Sub1,,,LW903 Sub1,,,,,,,,,b821107b-1682-4836-288a-3b2abbdcc19e
LW_Sub1_FDR_DCB_Face2_CTRLS_FND_s,DIGITAL,LW_Sub1_CLX,LW_SS01_FDR.DCB_FACE[2].CTRLS.FND_s,,,,,,,Face Feeder 2 Feeder or Drive Found,,,0x0012ce60,,,,,,LW1_Cl,LW1.Sub1,,,LW903 Sub1,,,,,,,,,186a0d3d-7f81-4bf1-19b8-4935ba7836d7
LW_Sub1_FDR_DCB_Face3_CTRLS_FND_s,DIGITAL,LW_Sub1_CLX,LW_SS01_FDR.DCB_FACE[3].CTRLS.FND_s,,,,,,,Face Feeder 3 Feeder or Drive Found,,,0x0012ce70,,,,,,LW1_Cl,LW1.Sub1,,,LW903 Sub1,,,,,,,,,c65b3086-651c-414b-3f8f-d94d580d9644
LW_Sub1_FDR_DCB_Face1_ALMS_INV_OTL_t,DIGITAL,LW_Sub1_CLX,LW_SS01_FDR.DCB_FACE[1].ALMS.INV_OTL_t,,,,,,,Face Feeder 1 Drive or Feeder in Invalid Outlet,,,0x0012ce80,,,,,,LW1_Cl,LW1.Sub1,,,LW903 Sub1,,Alm_Trip,,,,,,,be647e61-7480-4cc7-3dba-21add7cc24f6
LW_Sub1_FDR_DCB_Face2_ALMS_INV_OTL_t,DIGITAL,LW_Sub1_CLX,LW_SS01_FDR.DCB_FACE[2].ALMS.INV_OTL_t,,,,,,,Face Feeder 2 Drive or Feeder in Invalid Outlet,,,0x0012ce90,,,,,,LW1_Cl,LW1.Sub1,,,LW903 Sub1,,Alm_Trip,,,,,,,75b7c081-0db0-4392-d5a3-68e365fb22a5
LW_Sub1_FDR_DCB_Face3_ALMS_INV_OTL_t,DIGITAL,LW_Sub1_CLX,LW_SS01_FDR.DCB_FACE[3].ALMS.INV_OTL_t,,,,,,,Face Feeder 3 Drive or Feeder in Invalid Outlet,,,0x0012cea0,,,,,,LW1_Cl,LW1.Sub1,,,LW903 Sub1,,Alm_Trip,,,,,,,b0d7d820-9cea-45c6-b6a1-baaf8883f0cd
LW_Sub1_Comms_Face_DCB_01_RST_c,DIGITAL,LW_Sub1_CLX,LW_SS01_Comms.Face_DCB_01.RST_c,,,,,,,DCB 1 Comms Counters Reset,,,0x0012ceb0,,,,,,LW1_Cl,LW1.Sub1,,,LW903 Sub1,,Alm_Event,,,,,,,168938b3-cd1a-4760-f8a4-b551d0c5de28
LW_Sub1_Comms_Face_DCB_02_RST_c,DIGITAL,LW_Sub1_CLX,LW_SS01_Comms.Face_DCB_02.RST_c,,,,,,,DCB 2 Comms Counters Reset,,,0x0012cec0,,,,,,LW1_Cl,LW1.Sub1,,,LW903 Sub1,,Alm_Event,,,,,,,d22d4cb3-1a9f-4c20-68a2-6d2e3e10222e
LW_Sub1_Comms_Pump_DCB_01_COM_t,DIGITAL,LW_Sub1_CLX,LW_SS01_Comms.Pump_DCB_01.COM_t,,,,,,,Pump 1 Communications Failed,,,0x0012ced0,,,,,,LW1_Cl,LW1.Sub1,,,LW903 Sub1,,,,,,,,,56933eb3-cc21-45b9-d3aa-4e9943a40548
LW_Sub1_Comms_Pump_DCB_01_RST_c,DIGITAL,LW_Sub1_CLX,LW_SS01_Comms.Pump_DCB_01.RST_c,,,,,,,Pump 1 Comms Counters Reset,,,0x0012cee0,,,,,,LW1_Cl,LW1.Sub1,,,LW903 Sub1,,Alm_Event,,,,,,,452d477e-b9ae-4ad1-98a8-1e72656d01be
LW_Sub1_Comms_Pump_DCB_02_RST_c,DIGITAL,LW_Sub1_CLX,LW_SS01_Comms.Pump_DCB_02.RST_c,,,,,,,Pump 2 Comms Counters Reset,,,0x0012cef0,,,,,,LW1_Cl,LW1.Sub1,,,LW903 Sub1,,Alm_Event,,,,,,,cd921b23-ae57-4ee1-6f9b-fe16d915575f
LW_Sub1_PLC_R0_t,DIGITAL,LW_Sub1_CLX,LW_SS01_PLC.R0_t,,,,,,,PLC Fault,,,0x0012cf00,,,,,,LW1_Cl,LW1.Sub1,,,LW903 Sub1,,,,,,,,,96bc0d8b-73c9-4f85-7896-0bd13e864e72
LW_Sub1_PLC_S01_Mod_t,DIGITAL,LW_Sub1_CLX,LW_SS01_PLC.S01.Mod_t,,,,,,,S01 PLC Module Fault,,,0x0012cf10,,,,,,LW1_Cl,LW1.Sub1,,,LW903 Sub1,,Alm_Trip,,,,,,,f342d5a0-9ba6-4e06-cca6-a0b2e51fb0c1
LW_Sub1_PLC_S02_Mod_t,DIGITAL,LW_Sub1_CLX,LW_SS01_PLC.S02.Mod_t,,,,,,,S02 PLC Module Fault,,,0x0012cf20,,,,,,LW1_Cl,LW1.Sub1,,,LW903 Sub1,,Alm_Trip,,,,,,,10abab96-fa47-42c3-1296-000533ea2667
LW_Sub1_PLC_S04_Mod_t,DIGITAL,LW_Sub1_CLX,LW_SS01_PLC.S04.Mod_t,,,,,,,S04 PLC Module Fault,,,0x0012cf30,,,,,,LW1_Cl,LW1.Sub1,,,LW903 Sub1,,Alm_Trip,,,,,,,1b467b44-d9aa-4529-5c89-d5db45379753
LW_Sub1_PLC_S05_Mod_t,DIGITAL,LW_Sub1_CLX,LW_SS01_PLC.S05.Mod_t,,,,,,,S05 PLC Module Fault,,,0x0012cf40,,,,,,LW1_Cl,LW1.Sub1,,,LW903 Sub1,,Alm_Trip,,,,,,,395393dd-2b5b-463e-6787-245985ecc939
LW_Sub1_PLC_S06_Mod_t,DIGITAL,LW_Sub1_CLX,LW_SS01_PLC.S06.Mod_t,,,,,,,S06 PLC Module Fault,,,0x0012cf50,,,,,,LW1_Cl,LW1.Sub1,,,LW903 Sub1,,Alm_Trip,,,,,,,7a59f73a-d24a-4f23-ba8a-d59af300b466
LW_Sub1_PLC_S08_Mod_t,DIGITAL,LW_Sub1_CLX,LW_SS01_PLC.S08.Mod_t,,,,,,,S08 PLC Module Fault,,,0x0012cf60,,,,,,LW1_Cl,LW1.Sub1,,,LW903 Sub1,,Alm_Trip,,,,,,,1eb7d1f6-11ad-4e7f-a6b3-a5f8de922467
LW_Sub1_PLC_S09_Mod_t,DIGITAL,LW_Sub1_CLX,LW_SS01_PLC.S09.Mod_t,,,,,,,S09 PLC Module Fault,,,0x0012cf70,,,,,,LW1_Cl,LW1.Sub1,,,LW903 Sub1,,Alm_Trip,,,,,,,147a9eca-edf1-4e45-b7bd-b16eb2b5b15b
LW_Sub1_PLC_S11_Mod_t,DIGITAL,LW_Sub1_CLX,LW_SS01_PLC.S11.Mod_t,,,,,,,S11 PLC Module Fault,,,0x0012cf80,,,,,,LW1_Cl,LW1.Sub1,,,LW903 Sub1,,Alm_Trip,,,,,,,bed5884c-15b2-4242-27b8-7471a59cf2ef
LW_Sub1_PLC_S12_Mod_t,DIGITAL,LW_Sub1_CLX,LW_SS01_PLC.S12.Mod_t,,,,,,,S12 PLC Module Fault,,,0x0012cf90,,,,,,LW1_Cl,LW1.Sub1,,,LW903 Sub1,,Alm_Trip,,,,,,,ac170c8e-e24d-4306-79ae-ec976c15824f
LW_Sub1_FDR_DCB_Pmp_CTRLS_STA_s,DIGITAL,LW_Sub1_CLX,LW_SS01_FDR.DCB_PMP.CTRLS.STA_s,,,,,,,Pump Feeder Run,,,0x0012cfa0,,,,,,LW1_Cl,LW1.Sub1,,,LW903 Sub1,,,1,,,,,,225a2442-3031-4e55-0b8e-7897d1929f70
LW_Sub1_BUEL_240V_TST_c_CMD_i,DIGITAL,LW_Sub1_CLX,LW_SS01_BUEL_240V_TST_c.CMD_1,,,,,,,240V  Earth Leakage Command,,,0x0012cfb0,,,,,,LW1_Cl,LW1.Sub1,,,LW903 Sub1,,Alm_Event,,,,,,,7bbc5ca6-9dc3-490d-4484-519b050d0c53
LW_Sub1_CB_Face_MG_CH4_t,DIGITAL,LW_Sub1_CLX,LW_SS01_CB_Face.MG_CH4_t,,,,,,,Face MG CH4 trip,,,0x0012cfc0,,,,,,LW1_Cl,Gas.LW1,,,LW903 Sub1,,Alm_Gas_Trip,,,,,,,e87d154f-011b-4a52-0f98-d865c8c82083
LW_Sub1_CB_Pmp_MG_CH4_t,DIGITAL,LW_Sub1_CLX,LW_SS01_CB_Pmp.MG_CH4_t,,,,,,,Pump MG CH4 trip,,,0x0012cfd0,,,,,,LW1_Cl,Gas.LW1,,,LW903 Sub1,,Alm_Gas_Trip,,,,,,,0fcd813d-f4de-4971-9798-bf5a0ffcb13a
LW_Sub1_TXF_Tank_Temp_PV,REAL,LW_Sub1_CLX,LW_SS01_TXF.TANK_TEMP.PV,0.0,200.0,0.0,200.0,^0xb0C,#.##EU,Txf Tank Temperature - Process Variable,,,0x0012cfe0,,,,,,LW1_Cl,LW1.Sub1,,,LW903 Sub1,Txf Tank Temperature,,1,,,,,,a5fd514c-5a64-4015-3990-18aacd3109cc
LW_Sub1_TXF_Tank_Temp_HH_SP,REAL,LW_Sub1_CLX,LW_SS01_TXF.TANK_TEMP.HighHighSP,0.0,200.0,0.0,200.0,^0xb0C,#.##EU,Txf Tank Temperature - High High Level Setpoint,,,0x0012cfe1,,,,,,LW1_Cl,LW1.Sub1,,,LW903 Sub1,Txf Tank Temperature,,600,,,,,,e96c2c3c-97a8-49ec-edba-fa63a5c14e36
LW_Sub1_TXF_Tank_Temp_H_SP,REAL,LW_Sub1_CLX,LW_SS01_TXF.TANK_TEMP.HighSP,0.0,200.0,0.0,200.0,^0xb0C,#.##EU,Txf Tank Temperature - High level Setpoint,,,0x0012cfe2,,,,,,LW1_Cl,LW1.Sub1,,,LW903 Sub1,Txf Tank Temperature,,600,,,,,,7bcb95c4-23cb-43cc-4d8b-22e81909f5ad
LW_Sub1_TXF_Tank_Temp_L_SP,REAL,LW_Sub1_CLX,LW_SS01_TXF.TANK_TEMP.LowSP,0.0,200.0,0.0,200.0,^0xb0C,#.##EU,Txf Tank Temperature - Low Level Setpoint,,,0x0012cfe3,,,,,,LW1_Cl,LW1.Sub1,,,LW903 Sub1,Txf Tank Temperature,,600,,,,,,e6b0a231-af21-42c0-b6ab-3b811af834cd
LW_Sub1_TXF_Tank_Temp_LL_SP,REAL,LW_Sub1_CLX,LW_SS01_TXF.TANK_TEMP.LowLowSP,0.0,200.0,0.0,200.0,^0xb0C,#.##EU,Txf Tank Temperature - Low Low Level Setpoint,,,0x0012cfe4,,,,,,LW1_Cl,LW1.Sub1,,,LW903 Sub1,Txf Tank Temperature,,600,,,,,,28953ea9-97db-4104-f498-ab4608ddd536
LW_Sub1_TXF_Tank_Temp_OOS,DIGITAL,LW_Sub1_CLX,LW_SS01_TXF.TANK_TEMP.OOS,,,,,,,Txf Tank Temperature - Out of Service,,,0x0012cff0,,,,,,LW1_Cl,LW1.Sub1,,,LW903 Sub1,Txf Tank Temperature,,,,,,,,c666093b-8d3e-4c45-d19f-b32f0220f5be
LW_Sub1_TXF_Tank_Temp_ChFlt_T,DIGITAL,LW_Sub1_CLX,LW_SS01_TXF.TANK_TEMP.Offscale,,,,,,,Txf Tank Temperature - Channel Fault,,,0x0012d000,,,,,,LW1_Cl,LW1.Sub1,,,LW903 Sub1,Txf Tank Temperature,Alm_Trip,,,,,,,6d6b47e5-b9bd-4af4-4e87-daffd7e8832f
LW_Sub1_TXF_Tank_Temp_HH_T,DIGITAL,LW_Sub1_CLX,LW_SS01_TXF.TANK_TEMP.HighHighAlarm,,,,,,,Txf Tank Temperature - High High Level Alarm,,,0x0012d010,,,,,,LW1_Cl,LW1.Sub1,,,LW903 Sub1,Txf Tank Temperature,Alm_Trip,,,,,,,70163353-1087-4ee2-f3ad-398e1f77323f
LW_Sub1_TXF_Tank_Temp_H_W,DIGITAL,LW_Sub1_CLX,LW_SS01_TXF.TANK_TEMP.HighAlarm,,,,,,,Txf Tank Temperature - High Level Alarm,,,0x0012d020,,,,,,LW1_Cl,LW1.Sub1,,,LW903 Sub1,Txf Tank Temperature,Alm_Warning,,,,,,,d2f984ff-2e4e-4693-6881-322d2bca4fa0
LW_Sub1_TXF_Tank_Temp_L_W,DIGITAL,LW_Sub1_CLX,LW_SS01_TXF.TANK_TEMP.LowAlarm,,,,,,,Txf Tank Temperature - Low Level Alarm,,,0x0012d030,,,,,,LW1_Cl,LW1.Sub1,,,LW903 Sub1,Txf Tank Temperature,Alm_Warning,,,,,,,c72ad8a8-0111-416a-82a0-23d4a66da94c
LW_Sub1_TXF_Tank_Temp_LL_T,DIGITAL,LW_Sub1_CLX,LW_SS01_TXF.TANK_TEMP.LowLowAlarm,,,,,,,Txf Tank Temperature - Low Low Level Alarm,,,0x0012d040,,,,,,LW1_Cl,LW1.Sub1,,,LW903 Sub1,Txf Tank Temperature,Alm_Trip,,,,,,,29a166d6-bbc4-4580-00ab-5eb188a22e34
LW_Sub1_TXF_Wind_Temp_PV,REAL,LW_Sub1_CLX,LW_SS01_TXF.WIND_TEMP.PV,0.0,200.0,0.0,200.0,^0xb0C,#.##EU,Txf Winding Temperature - Process Variable,,,0x0012d050,,,,,,LW1_Cl,LW1.Sub1,,,LW903 Sub1,Txf Winding Temperature,,1,,,,,,0cc51c45-74ae-4d73-f580-ab74a34be9bd
LW_Sub1_TXF_Wind_Temp_HH_SP,REAL,LW_Sub1_CLX,LW_SS01_TXF.WIND_TEMP.HighHighSP,0.0,200.0,0.0,200.0,^0xb0C,#.##EU,Txf Winding Temperature - High High Level Setpoint,,,0x0012d051,,,,,,LW1_Cl,LW1.Sub1,,,LW903 Sub1,Txf Winding Temperature,,600,,,,,,9ddd8b0f-05b2-4d0d-76bb-9465d75ad4c3
LW_Sub1_TXF_Wind_Temp_H_SP,REAL,LW_Sub1_CLX,LW_SS01_TXF.WIND_TEMP.HighSP,0.0,200.0,0.0,200.0,^0xb0C,#.##EU,Txf Winding Temperature - High level Setpoint,,,0x0012d052,,,,,,LW1_Cl,LW1.Sub1,,,LW903 Sub1,Txf Winding Temperature,,600,,,,,,e0661fd1-25b1-4300-5b9e-4062a656e11a
LW_Sub1_TXF_Wind_Temp_L_SP,REAL,LW_Sub1_CLX,LW_SS01_TXF.WIND_TEMP.LowSP,0.0,200.0,0.0,200.0,^0xb0C,#.##EU,Txf Winding Temperature - Low Level Setpoint,,,0x0012d053,,,,,,LW1_Cl,LW1.Sub1,,,LW903 Sub1,Txf Winding Temperature,,600,,,,,,589add6b-2fe6-41ed-1992-ed1d79fd4525
LW_Sub1_TXF_Wind_Temp_LL_SP,REAL,LW_Sub1_CLX,LW_SS01_TXF.WIND_TEMP.LowLowSP,0.0,200.0,0.0,200.0,^0xb0C,#.##EU,Txf Winding Temperature - Low Low Level Setpoint,,,0x0012d054,,,,,,LW1_Cl,LW1.Sub1,,,LW903 Sub1,Txf Winding Temperature,,600,,,,,,6750338b-6b57-474b-73a3-a257963520cd
LW_Sub1_TXF_Wind_Temp_OOS,DIGITAL,LW_Sub1_CLX,LW_SS01_TXF.WIND_TEMP.OOS,,,,,,,Txf Winding Temperature - Out of Service,,,0x0012d060,,,,,,LW1_Cl,LW1.Sub1,,,LW903 Sub1,Txf Winding Temperature,,,,,,,,4776acbe-f9d6-4aa7-54bf-8bf3998c3ab9
LW_Sub1_TXF_Wind_Temp_ChFlt_T,DIGITAL,LW_Sub1_CLX,LW_SS01_TXF.WIND_TEMP.Offscale,,,,,,,Txf Winding Temperature - Channel Fault,,,0x0012d070,,,,,,LW1_Cl,LW1.Sub1,,,LW903 Sub1,Txf Winding Temperature,Alm_Trip,,,,,,,3ad777cc-bcb9-47b2-9296-a9697dcfd1ca
LW_Sub1_TXF_Wind_Temp_HH_T,DIGITAL,LW_Sub1_CLX,LW_SS01_TXF.WIND_TEMP.HighHighAlarm,,,,,,,Txf Winding Temperature - High High Level Alarm,,,0x0012d080,,,,,,LW1_Cl,LW1.Sub1,,,LW903 Sub1,Txf Winding Temperature,Alm_Trip,,,,,,,776eaad3-c17a-46f7-5684-dc7007645bfa
LW_Sub1_TXF_Wind_Temp_H_W,DIGITAL,LW_Sub1_CLX,LW_SS01_TXF.WIND_TEMP.HighAlarm,,,,,,,Txf Winding Temperature - High Level Alarm,,,0x0012d090,,,,,,LW1_Cl,LW1.Sub1,,,LW903 Sub1,Txf Winding Temperature,Alm_Warning,,,,,,,b3ddc5ca-fadd-4c57-a9bf-71dad1d51c66
LW_Sub1_TXF_Wind_Temp_L_W,DIGITAL,LW_Sub1_CLX,LW_SS01_TXF.WIND_TEMP.LowAlarm,,,,,,,Txf Winding Temperature - Low Level Alarm,,,0x0012d0a0,,,,,,LW1_Cl,LW1.Sub1,,,LW903 Sub1,Txf Winding Temperature,Alm_Warning,,,,,,,e198e017-91a8-4ee8-80b3-b30f81d78e89
LW_Sub1_TXF_Wind_Temp_LL_T,DIGITAL,LW_Sub1_CLX,LW_SS01_TXF.WIND_TEMP.LowLowAlarm,,,,,,,Txf Winding Temperature - Low Low Level Alarm,,,0x0012d0b0,,,,,,LW1_Cl,LW1.Sub1,,,LW903 Sub1,Txf Winding Temperature,Alm_Trip,,,,,,,14b5d296-b916-493a-27a3-cbc6dc342514
LW_Sub1_TXF_Tank_Pressure_PV,REAL,LW_Sub1_CLX,LW_SS01_TXF.PRESS.PV,0.0,100.0,0.0,100.0,kPa,#EU,Txf Tank Pressure - Process Variable,,,0x0012d0c0,,,,,,LW1_Cl,LW1.Sub1,,,LW903 Sub1,Txf Tank Pressure,,1,,,,,,f132410e-6419-4064-45bf-a67f8ecfc51c
LW_Sub1_TXF_Tank_Pressure_HH_SP,REAL,LW_Sub1_CLX,LW_SS01_TXF.PRESS.HighHighSP,0.0,100.0,0.0,100.0,kPa,#EU,Txf Tank Pressure - High High Level Setpoint,,,0x0012d0c1,,,,,,LW1_Cl,LW1.Sub1,,,LW903 Sub1,Txf Tank Pressure,,600,,,,,,2a726123-9074-4521-a8bf-127a35197ff7
LW_Sub1_TXF_Tank_Pressure_H_SP,REAL,LW_Sub1_CLX,LW_SS01_TXF.PRESS.HighSP,0.0,100.0,0.0,100.0,kPa,#EU,Txf Tank Pressure - High level Setpoint,,,0x0012d0c2,,,,,,LW1_Cl,LW1.Sub1,,,LW903 Sub1,Txf Tank Pressure,,600,,,,,,da212b47-71c8-46d6-7cbc-f4b5ba50ca5f
LW_Sub1_TXF_Tank_Pressure_L_SP,REAL,LW_Sub1_CLX,LW_SS01_TXF.PRESS.LowSP,0.0,100.0,0.0,100.0,kPa,#EU,Txf Tank Pressure - Low Level Setpoint,,,0x0012d0c3,,,,,,LW1_Cl,LW1.Sub1,,,LW903 Sub1,Txf Tank Pressure,,600,,,,,,66531e06-b0bb-49e3-cdac-c7339db4c0d6
LW_Sub1_TXF_Tank_Pressure_LL_SP,REAL,LW_Sub1_CLX,LW_SS01_TXF.PRESS.LowLowSP,0.0,100.0,0.0,100.0,kPa,#EU,Txf Tank Pressure - Low Low Level Setpoint,,,0x0012d0c4,,,,,,LW1_Cl,LW1.Sub1,,,LW903 Sub1,Txf Tank Pressure,,600,,,,,,6ddd13ab-c9cb-44f7-f18a-adb56a638c67
LW_Sub1_TXF_Tank_Pressure_OOS,DIGITAL,LW_Sub1_CLX,LW_SS01_TXF.PRESS.OOS,,,,,,,Txf Tank Pressure - Out of Service,,,0x0012d0d0,,,,,,LW1_Cl,LW1.Sub1,,,LW903 Sub1,Txf Tank Pressure,,,,,,,,1c12a884-5c32-430f-fab0-f938dd9fcef2
LW_Sub1_TXF_Tank_Pressure_ChFlt_T,DIGITAL,LW_Sub1_CLX,LW_SS01_TXF.PRESS.Offscale,,,,,,,Txf Tank Pressure - Channel Fault,,,0x0012d0e0,,,,,,LW1_Cl,LW1.Sub1,,,LW903 Sub1,Txf Tank Pressure,Alm_Trip,,,,,,,76f86df8-609f-450b-1e9e-555ae9a404fc
LW_Sub1_TXF_Tank_Pressure_HH_T,DIGITAL,LW_Sub1_CLX,LW_SS01_TXF.PRESS.HighHighAlarm,,,,,,,Txf Tank Pressure - High High Level Alarm,,,0x0012d0f0,,,,,,LW1_Cl,LW1.Sub1,,,LW903 Sub1,Txf Tank Pressure,Alm_Trip,,,,,,,ae56113c-8c09-4202-f581-c1b791a74b78
LW_Sub1_TXF_Tank_Pressure_H_W,DIGITAL,LW_Sub1_CLX,LW_SS01_TXF.PRESS.HighAlarm,,,,,,,Txf Tank Pressure - High Level Alarm,,,0x0012d100,,,,,,LW1_Cl,LW1.Sub1,,,LW903 Sub1,Txf Tank Pressure,Alm_Warning,,,,,,,0ff947d0-b0e2-412c-59b4-e9d4edc96653
LW_Sub1_TXF_Tank_Pressure_L_W,DIGITAL,LW_Sub1_CLX,LW_SS01_TXF.PRESS.LowAlarm,,,,,,,Txf Tank Pressure - Low Level Alarm,,,0x0012d110,,,,,,LW1_Cl,LW1.Sub1,,,LW903 Sub1,Txf Tank Pressure,Alm_Warning,,,,,,,8eb54529-7271-4a42-c482-d1e7f9ab8e4c
LW_Sub1_TXF_Tank_Pressure_LL_T,DIGITAL,LW_Sub1_CLX,LW_SS01_TXF.PRESS.LowLowAlarm,,,,,,,Txf Tank Pressure - Low Low Level Alarm,,,0x0012d120,,,,,,LW1_Cl,LW1.Sub1,,,LW903 Sub1,Txf Tank Pressure,Alm_Trip,,,,,,,67a299cb-a840-456f-94ab-2f8a89d308d6
LW_Sub1_TXF_BU_EL_PV,REAL,LW_Sub1_CLX,LW_SS01_TXF.BU_EL.PV,0.0,120.0,0.0,120.0,%,#.#EU,Txf Backup Earth Leakage - Process Variable,,,0x0012d130,,,,,,LW1_Cl,LW1.Sub1,,,LW903 Sub1,Txf Backup Earth Leakage,,1,,,,,,b1c1e733-0dc3-4db4-ee92-ddc84bca62ab
LW_Sub1_TXF_BU_EL_HH_SP,REAL,LW_Sub1_CLX,LW_SS01_TXF.BU_EL.HighHighSP,0.0,120.0,0.0,120.0,%,#.#EU,Txf Backup Earth Leakage - High High Level Setpoint,,,0x0012d131,,,,,,LW1_Cl,LW1.Sub1,,,LW903 Sub1,Txf Backup Earth Leakage,,600,,,,,,cf197449-5271-4658-7e8e-2c380b1f84e9
LW_Sub1_TXF_BU_EL_H_SP,REAL,LW_Sub1_CLX,LW_SS01_TXF.BU_EL.HighSP,0.0,120.0,0.0,120.0,%,#.#EU,Txf Backup Earth Leakage - High level Setpoint,,,0x0012d132,,,,,,LW1_Cl,LW1.Sub1,,,LW903 Sub1,Txf Backup Earth Leakage,,600,,,,,,97651dd1-fa74-4139-218b-2122a7d0f2e6
LW_Sub1_TXF_BU_EL_L_SP,REAL,LW_Sub1_CLX,LW_SS01_TXF.BU_EL.LowSP,0.0,120.0,0.0,120.0,%,#.#EU,Txf Backup Earth Leakage - Low Level Setpoint,,,0x0012d133,,,,,,LW1_Cl,LW1.Sub1,,,LW903 Sub1,Txf Backup Earth Leakage,,600,,,,,,d5cb37dd-a384-41b7-2789-615a4c2980ac
LW_Sub1_TXF_BU_EL_LL_SP,REAL,LW_Sub1_CLX,LW_SS01_TXF.BU_EL.LowLowSP,0.0,120.0,0.0,120.0,%,#.#EU,Txf Backup Earth Leakage - Low Low Level Setpoint,,,0x0012d134,,,,,,LW1_Cl,LW1.Sub1,,,LW903 Sub1,Txf Backup Earth Leakage,,600,,,,,,fe9921d4-0ae6-49fe-fb8e-36d108f0a4e3
LW_Sub1_TXF_BU_EL_OOS,DIGITAL,LW_Sub1_CLX,LW_SS01_TXF.BU_EL.OOS,,,,,,,Txf Backup Earth Leakage - Out of Service,,,0x0012d140,,,,,,LW1_Cl,LW1.Sub1,,,LW903 Sub1,Txf Backup Earth Leakage,,,,,,,,08c13223-0c0d-497d-b896-fdf688fa2852
LW_Sub1_TXF_BU_EL_ChFlt_T,DIGITAL,LW_Sub1_CLX,LW_SS01_TXF.BU_EL.Offscale,,,,,,,Txf Backup Earth Leakage - Channel Fault,,,0x0012d150,,,,,,LW1_Cl,LW1.Sub1,,,LW903 Sub1,Txf Backup Earth Leakage,Alm_Trip,,,,,,,94a28d8b-326d-4159-24b1-2b03619a1333
LW_Sub1_TXF_BU_EL_HH_T,DIGITAL,LW_Sub1_CLX,LW_SS01_TXF.BU_EL.HighHighAlarm,,,,,,,Txf Backup Earth Leakage - High High Level Alarm,,,0x0012d160,,,,,,LW1_Cl,LW1.Sub1,,,LW903 Sub1,Txf Backup Earth Leakage,Alm_Trip,,,,,,,22137fb0-e075-4deb-3493-a75e6172bdfa
LW_Sub1_TXF_BU_EL_H_W,DIGITAL,LW_Sub1_CLX,LW_SS01_TXF.BU_EL.HighAlarm,,,,,,,Txf Backup Earth Leakage - High Level Alarm,,,0x0012d170,,,,,,LW1_Cl,LW1.Sub1,,,LW903 Sub1,Txf Backup Earth Leakage,Alm_Warning,,,,,,,3aba79a3-c3c2-4e43-a1ac-024b9ac8bfc4
LW_Sub1_TXF_BU_EL_L_W,DIGITAL,LW_Sub1_CLX,LW_SS01_TXF.BU_EL.LowAlarm,,,,,,,Txf Backup Earth Leakage - Low Level Alarm,,,0x0012d180,,,,,,LW1_Cl,LW1.Sub1,,,LW903 Sub1,Txf Backup Earth Leakage,Alm_Warning,,,,,,,6a732c59-84d2-4ea7-bc9c-66af28cd4ef6
LW_Sub1_TXF_BU_EL_LL_T,DIGITAL,LW_Sub1_CLX,LW_SS01_TXF.BU_EL.LowLowAlarm,,,,,,,Txf Backup Earth Leakage - Low Low Level Alarm,,,0x0012d190,,,,,,LW1_Cl,LW1.Sub1,,,LW903 Sub1,Txf Backup Earth Leakage,Alm_Trip,,,,,,,4500664c-650b-49d8-fd9c-7efe62c2da68
LW_Sub1_BUEL_240V_PV,REAL,LW_Sub1_CLX,LW_SS01_BUEL_240V.PV,0.0,120.0,0.0,120.0,%,#.#EU,240V Backup Earth Leakage  - Process Variable,,,0x0012d1a0,,,,,,LW1_Cl,LW1.Sub1,,,LW903 Sub1,240V Backup Earth Leakage,,1,,,,,,0a993ed1-af34-4655-c8be-ca461cdf6b79
LW_Sub1_BUEL_240V_HH_SP,REAL,LW_Sub1_CLX,LW_SS01_BUEL_240V.HighHighSP,0.0,120.0,0.0,120.0,%,#.#EU,240V Backup Earth Leakage  - High High Level Setpoint,,,0x0012d1a1,,,,,,LW1_Cl,LW1.Sub1,,,LW903 Sub1,240V Backup Earth Leakage,,600,,,,,,191ca3d5-aff9-4d37-d39e-70ec11c8663a
LW_Sub1_BUEL_240V_H_SP,REAL,LW_Sub1_CLX,LW_SS01_BUEL_240V.HighSP,0.0,120.0,0.0,120.0,%,#.#EU,240V Backup Earth Leakage  - High level Setpoint,,,0x0012d1a2,,,,,,LW1_Cl,LW1.Sub1,,,LW903 Sub1,240V Backup Earth Leakage,,600,,,,,,fd2e43cc-1825-4b09-8891-50a95750b01a
LW_Sub1_BUEL_240V_L_SP,REAL,LW_Sub1_CLX,LW_SS01_BUEL_240V.LowSP,0.0,120.0,0.0,120.0,%,#.#EU,240V Backup Earth Leakage  - Low Level Setpoint,,,0x0012d1a3,,,,,,LW1_Cl,LW1.Sub1,,,LW903 Sub1,240V Backup Earth Leakage,,600,,,,,,677f374e-508f-4617-c499-1decb92faa8b
LW_Sub1_BUEL_240V_LL_SP,REAL,LW_Sub1_CLX,LW_SS01_BUEL_240V.LowLowSP,0.0,120.0,0.0,120.0,%,#.#EU,240V Backup Earth Leakage  - Low Low Level Setpoint,,,0x0012d1a4,,,,,,LW1_Cl,LW1.Sub1,,,LW903 Sub1,240V Backup Earth Leakage,,600,,,,,,312b7fd9-8a3e-4ef5-b192-d1043f67235e
LW_Sub1_BUEL_240V_OOS,DIGITAL,LW_Sub1_CLX,LW_SS01_BUEL_240V.OOS,,,,,,,240V Backup Earth Leakage  - Out of Service,,,0x0012d1b0,,,,,,LW1_Cl,LW1.Sub1,,,LW903 Sub1,240V Backup Earth Leakage,,,,,,,,4260bfe4-40b2-4387-098c-81efb2f3c8c3
LW_Sub1_BUEL_240V_ChFlt_T,DIGITAL,LW_Sub1_CLX,LW_SS01_BUEL_240V.Offscale,,,,,,,240V Backup Earth Leakage  - Channel Fault,,,0x0012d1c0,,,,,,LW1_Cl,LW1.Sub1,,,LW903 Sub1,240V Backup Earth Leakage,Alm_Trip,,,,,,,03baff93-5293-4943-d7a6-a9e25e31cc50
LW_Sub1_BUEL_240V_HH_T,DIGITAL,LW_Sub1_CLX,LW_SS01_BUEL_240V.HighHighAlarm,,,,,,,240V Backup Earth Leakage  - High High Level Alarm,,,0x0012d1d0,,,,,,LW1_Cl,LW1.Sub1,,,LW903 Sub1,240V Backup Earth Leakage,Alm_Trip,,,,,,,543a8c5e-7a32-46d6-529a-847aa428da43
LW_Sub1_BUEL_240V_H_W,DIGITAL,LW_Sub1_CLX,LW_SS01_BUEL_240V.HighAlarm,,,,,,,240V Backup Earth Leakage  - High Level Alarm,,,0x0012d1e0,,,,,,LW1_Cl,LW1.Sub1,,,LW903 Sub1,240V Backup Earth Leakage,Alm_Warning,,,,,,,99f5bf19-a37f-4497-d6b0-dea710c4d0a9
LW_Sub1_BUEL_240V_L_W,DIGITAL,LW_Sub1_CLX,LW_SS01_BUEL_240V.LowAlarm,,,,,,,240V Backup Earth Leakage  - Low Level Alarm,,,0x0012d1f0,,,,,,LW1_Cl,LW1.Sub1,,,LW903 Sub1,240V Backup Earth Leakage,Alm_Warning,,,,,,,f2c422d4-62f9-44f9-dfb6-1edd394df42a
LW_Sub1_BUEL_240V_LL_T,DIGITAL,LW_Sub1_CLX,LW_SS01_BUEL_240V.LowLowAlarm,,,,,,,240V Backup Earth Leakage  - Low Low Level Alarm,,,0x0012d200,,,,,,LW1_Cl,LW1.Sub1,,,LW903 Sub1,240V Backup Earth Leakage,Alm_Trip,,,,,,,70feb8c2-994a-49a3-3893-8e9c0a400200
LW_Sub1_HT110_BUEL_PV,REAL,LW_Sub1_CLX,LW_SS01_HT110_BUEL.PV,0.0,120.0,0.0,120.0,%,#.#EU,HT110 Backup Earth Leakage  - Process Variable,,,0x0012d210,,,,,,LW1_Cl,LW1.Sub1,,,LW903 Sub1,HT110 Backup Earth Leakage,,1,,,,,,a80ec7b5-f353-4799-0695-b7fc92d0559c
LW_Sub1_HT110_BUEL_HH_SP,REAL,LW_Sub1_CLX,LW_SS01_HT110_BUEL.HighHighSP,0.0,120.0,0.0,120.0,%,#.#EU,HT110 Backup Earth Leakage  - High High Level Setpoint,,,0x0012d211,,,,,,LW1_Cl,LW1.Sub1,,,LW903 Sub1,HT110 Backup Earth Leakage,,600,,,,,,b66325ac-0d3e-4a13-ab96-b08f439c6a65
LW_Sub1_HT110_BUEL_H_SP,REAL,LW_Sub1_CLX,LW_SS01_HT110_BUEL.HighSP,0.0,120.0,0.0,120.0,%,#.#EU,HT110 Backup Earth Leakage  - High level Setpoint,,,0x0012d212,,,,,,LW1_Cl,LW1.Sub1,,,LW903 Sub1,HT110 Backup Earth Leakage,,600,,,,,,521a1f6f-4806-4e08-e697-49cd1cb2b735
LW_Sub1_HT110_BUEL_L_SP,REAL,LW_Sub1_CLX,LW_SS01_HT110_BUEL.LowSP,0.0,120.0,0.0,120.0,%,#.#EU,HT110 Backup Earth Leakage  - Low Level Setpoint,,,0x0012d213,,,,,,LW1_Cl,LW1.Sub1,,,LW903 Sub1,HT110 Backup Earth Leakage,,600,,,,,,c70335e4-1ae9-4ef8-79b2-5e0fd589c66a
LW_Sub1_HT110_BUEL_LL_SP,REAL,LW_Sub1_CLX,LW_SS01_HT110_BUEL.LowLowSP,0.0,120.0,0.0,120.0,%,#.#EU,HT110 Backup Earth Leakage  - Low Low Level Setpoint,,,0x0012d214,,,,,,LW1_Cl,LW1.Sub1,,,LW903 Sub1,HT110 Backup Earth Leakage,,600,,,,,,1de8c5d0-078d-4ea6-ccb4-9db5fae45826
LW_Sub1_HT110_BUEL_OOS,DIGITAL,LW_Sub1_CLX,LW_SS01_HT110_BUEL.OOS,,,,,,,HT110 Backup Earth Leakage  - Out of Service,,,0x0012d220,,,,,,LW1_Cl,LW1.Sub1,,,LW903 Sub1,HT110 Backup Earth Leakage,,,,,,,,1e257592-6560-48ca-b891-d559dcb71108
LW_Sub1_HT110_BUEL_ChFlt_T,DIGITAL,LW_Sub1_CLX,LW_SS01_HT110_BUEL.Offscale,,,,,,,HT110 Backup Earth Leakage  - Channel Fault,,,0x0012d230,,,,,,LW1_Cl,LW1.Sub1,,,LW903 Sub1,HT110 Backup Earth Leakage,Alm_Trip,,,,,,,9b89cf1d-0243-4aad-c582-79816fe4d213
LW_Sub1_HT110_BUEL_HH_T,DIGITAL,LW_Sub1_CLX,LW_SS01_HT110_BUEL.HighHighAlarm,,,,,,,HT110 Backup Earth Leakage  - High High Level Alarm,,,0x0012d240,,,,,,LW1_Cl,LW1.Sub1,,,LW903 Sub1,HT110 Backup Earth Leakage,Alm_Trip,,,,,,,22480337-22f5-4e45-b289-4d59b469e02e
LW_Sub1_HT110_BUEL_H_W,DIGITAL,LW_Sub1_CLX,LW_SS01_HT110_BUEL.HighAlarm,,,,,,,HT110 Backup Earth Leakage  - High Level Alarm,,,0x0012d250,,,,,,LW1_Cl,LW1.Sub1,,,LW903 Sub1,HT110 Backup Earth Leakage,Alm_Warning,,,,,,,bf4d15c8-1955-4d44-4b96-1a9b57b00379
LW_Sub1_HT110_BUEL_L_W,DIGITAL,LW_Sub1_CLX,LW_SS01_HT110_BUEL.LowAlarm,,,,,,,HT110 Backup Earth Leakage  - Low Level Alarm,,,0x0012d260,,,,,,LW1_Cl,LW1.Sub1,,,LW903 Sub1,HT110 Backup Earth Leakage,Alm_Warning,,,,,,,3bcef174-8df2-437b-babd-5ec60da578c6
LW_Sub1_HT110_BUEL_LL_T,DIGITAL,LW_Sub1_CLX,LW_SS01_HT110_BUEL.LowLowAlarm,,,,,,,HT110 Backup Earth Leakage  - Low Low Level Alarm,,,0x0012d270,,,,,,LW1_Cl,LW1.Sub1,,,LW903 Sub1,HT110 Backup Earth Leakage,Alm_Trip,,,,,,,2dac20cc-64cb-4324-e7b0-a614cbc90abd
LW_Sub1_Comp_HT_Busway_Temp_PV,REAL,LW_Sub1_CLX,LW_SS01_Comp.HT_BUSWAY.PV,0.0,100.0,0.0,100.0,^0xb0C,#EU,HT Busway Compartment Temperature - Process Variable,,,0x0012d280,,,,,,LW1_Cl,LW1.Sub1,,,LW903 Sub1,HT Busway Compartment Temperature,,1,,,,,,1ea2e837-c232-4c05-02ab-c0b3f0aca2ae
LW_Sub1_Comp_HT_Busway_Temp_HH_SP,REAL,LW_Sub1_CLX,LW_SS01_Comp.HT_BUSWAY.HighHighSP,0.0,100.0,0.0,100.0,^0xb0C,#EU,HT Busway Compartment Temperature - High High Level Setpoint,,,0x0012d281,,,,,,LW1_Cl,LW1.Sub1,,,LW903 Sub1,HT Busway Compartment Temperature,,600,,,,,,279afc76-86e5-4aff-b3a6-23cde6aefc04
LW_Sub1_Comp_HT_Busway_Temp_H_SP,REAL,LW_Sub1_CLX,LW_SS01_Comp.HT_BUSWAY.HighSP,0.0,100.0,0.0,100.0,^0xb0C,#EU,HT Busway Compartment Temperature - High level Setpoint,,,0x0012d282,,,,,,LW1_Cl,LW1.Sub1,,,LW903 Sub1,HT Busway Compartment Temperature,,600,,,,,,06515cbe-786e-4eca-6a80-c809d3f6462f
LW_Sub1_Comp_HT_Busway_Temp_L_SP,REAL,LW_Sub1_CLX,LW_SS01_Comp.HT_BUSWAY.LowSP,0.0,100.0,0.0,100.0,^0xb0C,#EU,HT Busway Compartment Temperature - Low Level Setpoint,,,0x0012d283,,,,,,LW1_Cl,LW1.Sub1,,,LW903 Sub1,HT Busway Compartment Temperature,,600,,,,,,1e055922-1d27-4a24-e7a8-c695508d81ff
LW_Sub1_Comp_HT_Busway_Temp_LL_SP,REAL,LW_Sub1_CLX,LW_SS01_Comp.HT_BUSWAY.LowLowSP,0.0,100.0,0.0,100.0,^0xb0C,#EU,HT Busway Compartment Temperature - Low Low Level Setpoint,,,0x0012d284,,,,,,LW1_Cl,LW1.Sub1,,,LW903 Sub1,HT Busway Compartment Temperature,,600,,,,,,82f52722-719f-4997-3aa7-025d82979bfd
LW_Sub1_Comp_HT_Busway_Temp_OOS,DIGITAL,LW_Sub1_CLX,LW_SS01_Comp.HT_BUSWAY.OOS,,,,,,,HT Busway Compartment Temperature - Out of Service,,,0x0012d290,,,,,,LW1_Cl,LW1.Sub1,,,LW903 Sub1,HT Busway Compartment Temperature,,,,,,,,f7420ba0-3fe1-4234-1bba-efb89f5aa2c0
LW_Sub1_Comp_HT_Busway_Temp_ChFlt_T,DIGITAL,LW_Sub1_CLX,LW_SS01_Comp.HT_BUSWAY.Offscale,,,,,,,HT Busway Compartment Temperature - Channel Fault,,,0x0012d2a0,,,,,,LW1_Cl,LW1.Sub1,,,LW903 Sub1,HT Busway Compartment Temperature,Alm_Trip,,,,,,,aeb2b8c5-037a-403c-7e82-755c2ea916af
LW_Sub1_Comp_HT_Busway_Temp_HH_T,DIGITAL,LW_Sub1_CLX,LW_SS01_Comp.HT_BUSWAY.HighHighAlarm,,,,,,,HT Busway Compartment Temperature - High High Level Alarm,,,0x0012d2b0,,,,,,LW1_Cl,LW1.Sub1,,,LW903 Sub1,HT Busway Compartment Temperature,Alm_Trip,,,,,,,b0d21e5e-8cc3-473f-efb7-36e58793a75f
LW_Sub1_Comp_HT_Busway_Temp_H_W,DIGITAL,LW_Sub1_CLX,LW_SS01_Comp.HT_BUSWAY.HighAlarm,,,,,,,HT Busway Compartment Temperature - High Level Alarm,,,0x0012d2c0,,,,,,LW1_Cl,LW1.Sub1,,,LW903 Sub1,HT Busway Compartment Temperature,Alm_Warning,,,,,,,6796c705-46ad-4482-858c-068d977990e5
LW_Sub1_Comp_HT_Busway_Temp_L_W,DIGITAL,LW_Sub1_CLX,LW_SS01_Comp.HT_BUSWAY.LowAlarm,,,,,,,HT Busway Compartment Temperature - Low Level Alarm,,,0x0012d2d0,,,,,,LW1_Cl,LW1.Sub1,,,LW903 Sub1,HT Busway Compartment Temperature,Alm_Warning,,,,,,,6cb2eb3d-b8ba-43a0-7fa1-43cbaf41ced2
LW_Sub1_Comp_HT_Busway_Temp_LL_T,DIGITAL,LW_Sub1_CLX,LW_SS01_Comp.HT_BUSWAY.LowLowAlarm,,,,,,,HT Busway Compartment Temperature - Low Low Level Alarm,,,0x0012d2e0,,,,,,LW1_Cl,LW1.Sub1,,,LW903 Sub1,HT Busway Compartment Temperature,Alm_Trip,,,,,,,751c0fbe-31df-4e3f-a09a-22dfe6ee98bb
LW_Sub1_Comp_PLC_Temp_PV,REAL,LW_Sub1_CLX,LW_SS01_Comp.PLC.PV,0.0,100.0,0.0,100.0,^0xb0C,#EU,PLC Compartment Temperature - Process Variable,,,0x0012d2f0,,,,,,LW1_Cl,LW1.Sub1,,,LW903 Sub1,PLC Compartment Temperature,,1,,,,,,5aedf754-b3af-497e-b496-1b1ec1bbfae6
LW_Sub1_Comp_PLC_Temp_HH_SP,REAL,LW_Sub1_CLX,LW_SS01_Comp.PLC.HighHighSP,0.0,100.0,0.0,100.0,^0xb0C,#EU,PLC Compartment Temperature - High High Level Setpoint,,,0x0012d2f1,,,,,,LW1_Cl,LW1.Sub1,,,LW903 Sub1,PLC Compartment Temperature,,600,,,,,,c7cde5b0-dbf0-41d8-68ac-99e83ae6ebff
LW_Sub1_Comp_PLC_Temp_H_SP,REAL,LW_Sub1_CLX,LW_SS01_Comp.PLC.HighSP,0.0,100.0,0.0,100.0,^0xb0C,#EU,PLC Compartment Temperature - High level Setpoint,,,0x0012d2f2,,,,,,LW1_Cl,LW1.Sub1,,,LW903 Sub1,PLC Compartment Temperature,,600,,,,,,d38c3a74-2af7-404f-6083-9cd936c68983
LW_Sub1_Comp_PLC_Temp_L_SP,REAL,LW_Sub1_CLX,LW_SS01_Comp.PLC.LowSP,0.0,100.0,0.0,100.0,^0xb0C,#EU,PLC Compartment Temperature - Low Level Setpoint,,,0x0012d2f3,,,,,,LW1_Cl,LW1.Sub1,,,LW903 Sub1,PLC Compartment Temperature,,600,,,,,,7bce0c16-28b0-44cf-c587-93536f3167a9
LW_Sub1_Comp_PLC_Temp_LL_SP,REAL,LW_Sub1_CLX,LW_SS01_Comp.PLC.LowLowSP,0.0,100.0,0.0,100.0,^0xb0C,#EU,PLC Compartment Temperature - Low Low Level Setpoint,,,0x0012d2f4,,,,,,LW1_Cl,LW1.Sub1,,,LW903 Sub1,PLC Compartment Temperature,,600,,,,,,c1f413f5-bda6-4d88-0e8b-fe9885702ee8
LW_Sub1_Comp_PLC_Temp_OOS,DIGITAL,LW_Sub1_CLX,LW_SS01_Comp.PLC.OOS,,,,,,,PLC Compartment Temperature - Out of Service,,,0x0012d300,,,,,,LW1_Cl,LW1.Sub1,,,LW903 Sub1,PLC Compartment Temperature,,,,,,,,c6dec131-ecb8-4881-38a5-1b04b3cfe218
LW_Sub1_Comp_PLC_Temp_ChFlt_T,DIGITAL,LW_Sub1_CLX,LW_SS01_Comp.PLC.Offscale,,,,,,,PLC Compartment Temperature - Channel Fault,,,0x0012d310,,,,,,LW1_Cl,LW1.Sub1,,,LW903 Sub1,PLC Compartment Temperature,Alm_Trip,,,,,,,ff58ec93-53d3-4e0c-4cac-881d9e2ad0e0
LW_Sub1_Comp_PLC_Temp_HH_T,DIGITAL,LW_Sub1_CLX,LW_SS01_Comp.PLC.HighHighAlarm,,,,,,,PLC Compartment Temperature - High High Level Alarm,,,0x0012d320,,,,,,LW1_Cl,LW1.Sub1,,,LW903 Sub1,PLC Compartment Temperature,Alm_Trip,,,,,,,1937f826-6519-47df-5eac-ffde0a01e623
LW_Sub1_Comp_PLC_Temp_H_W,DIGITAL,LW_Sub1_CLX,LW_SS01_Comp.PLC.HighAlarm,,,,,,,PLC Compartment Temperature - High Level Alarm,,,0x0012d330,,,,,,LW1_Cl,LW1.Sub1,,,LW903 Sub1,PLC Compartment Temperature,Alm_Warning,,,,,,,7bd4ac47-6e63-45ef-299c-cdd7ec0b20d2
LW_Sub1_Comp_PLC_Temp_L_W,DIGITAL,LW_Sub1_CLX,LW_SS01_Comp.PLC.LowAlarm,,,,,,,PLC Compartment Temperature - Low Level Alarm,,,0x0012d340,,,,,,LW1_Cl,LW1.Sub1,,,LW903 Sub1,PLC Compartment Temperature,Alm_Warning,,,,,,,b27bae4f-c85d-4c4e-db99-4fc18670076f
LW_Sub1_Comp_PLC_Temp_LL_T,DIGITAL,LW_Sub1_CLX,LW_SS01_Comp.PLC.LowLowAlarm,,,,,,,PLC Compartment Temperature - Low Low Level Alarm,,,0x0012d350,,,,,,LW1_Cl,LW1.Sub1,,,LW903 Sub1,PLC Compartment Temperature,Alm_Trip,,,,,,,4bd930c9-8fa1-499a-3f9c-6ddc9b62d5e7
LW_Sub1_Comp_LT_Face_Control_Temp_PV,REAL,LW_Sub1_CLX,LW_SS01_Comp.LT_FACE_CONT.PV,0.0,100.0,0.0,100.0,^0xb0C,#EU,LT Face Control Compartment RTD - Process Variable,,,0x0012d360,,,,,,LW1_Cl,LW1.Sub1,,,LW903 Sub1,LT Face Control Compartment RTD,,1,,,,,,f342ff3b-3442-4389-48a8-647b711e7197
LW_Sub1_Comp_LT_Face_Control_Temp_HH_SP,REAL,LW_Sub1_CLX,LW_SS01_Comp.LT_FACE_CONT.HighHighSP,0.0,100.0,0.0,100.0,^0xb0C,#EU,LT Face Control Compartment RTD - High High Level Setpoint,,,0x0012d361,,,,,,LW1_Cl,LW1.Sub1,,,LW903 Sub1,LT Face Control Compartment RTD,,600,,,,,,e75f4f4c-a8d1-4484-1e8b-55dd8378e8b9
LW_Sub1_Comp_LT_Face_Control_Temp_H_SP,REAL,LW_Sub1_CLX,LW_SS01_Comp.LT_FACE_CONT.HighSP,0.0,100.0,0.0,100.0,^0xb0C,#EU,LT Face Control Compartment RTD - High level Setpoint,,,0x0012d362,,,,,,LW1_Cl,LW1.Sub1,,,LW903 Sub1,LT Face Control Compartment RTD,,600,,,,,,36b002db-72b0-45d6-57a7-fc9757fc97b4
LW_Sub1_Comp_LT_Face_Control_Temp_L_SP,REAL,LW_Sub1_CLX,LW_SS01_Comp.LT_FACE_CONT.LowSP,0.0,100.0,0.0,100.0,^0xb0C,#EU,LT Face Control Compartment RTD - Low Level Setpoint,,,0x0012d363,,,,,,LW1_Cl,LW1.Sub1,,,LW903 Sub1,LT Face Control Compartment RTD,,600,,,,,,30e1de18-e424-41ce-e1bb-ade0511f3719
LW_Sub1_Comp_LT_Face_Control_Temp_LL_SP,REAL,LW_Sub1_CLX,LW_SS01_Comp.LT_FACE_CONT.LowLowSP,0.0,100.0,0.0,100.0,^0xb0C,#EU,LT Face Control Compartment RTD - Low Low Level Setpoint,,,0x0012d364,,,,,,LW1_Cl,LW1.Sub1,,,LW903 Sub1,LT Face Control Compartment RTD,,600,,,,,,1aacb667-c575-4599-54a6-33f97c959bb4
LW_Sub1_Comp_LT_Face_Control_Temp_OOS,DIGITAL,LW_Sub1_CLX,LW_SS01_Comp.LT_FACE_CONT.OOS,,,,,,,LT Face Control Compartment RTD - Out of Service,,,0x0012d370,,,,,,LW1_Cl,LW1.Sub1,,,LW903 Sub1,LT Face Control Compartment RTD,,,,,,,,202e640a-0b43-46d7-978a-72fbc5f4ec27
LW_Sub1_Comp_LT_Face_Control_Temp_ChFlt_T,DIGITAL,LW_Sub1_CLX,LW_SS01_Comp.LT_FACE_CONT.Offscale,,,,,,,LT Face Control Compartment RTD - Channel Fault,,,0x0012d380,,,,,,LW1_Cl,LW1.Sub1,,,LW903 Sub1,LT Face Control Compartment RTD,Alm_Trip,,,,,,,7f14895b-b2f5-4b0a-99ad-62badcfce8ff
LW_Sub1_Comp_LT_Face_Control_Temp_HH_T,DIGITAL,LW_Sub1_CLX,LW_SS01_Comp.LT_FACE_CONT.HighHighAlarm,,,,,,,LT Face Control Compartment RTD - High High Level Alarm,,,0x0012d390,,,,,,LW1_Cl,LW1.Sub1,,,LW903 Sub1,LT Face Control Compartment RTD,Alm_Trip,,,,,,,c16319b8-ab09-48b5-1884-44be330c96fe
LW_Sub1_Comp_LT_Face_Control_Temp_H_W,DIGITAL,LW_Sub1_CLX,LW_SS01_Comp.LT_FACE_CONT.HighAlarm,,,,,,,LT Face Control Compartment RTD - High Level Alarm,,,0x0012d3a0,,,,,,LW1_Cl,LW1.Sub1,,,LW903 Sub1,LT Face Control Compartment RTD,Alm_Warning,,,,,,,b44b0d13-81d9-48f4-f4bc-46e8f15626df
LW_Sub1_Comp_LT_Face_Control_Temp_L_W,DIGITAL,LW_Sub1_CLX,LW_SS01_Comp.LT_FACE_CONT.LowAlarm,,,,,,,LT Face Control Compartment RTD - Low Level Alarm,,,0x0012d3b0,,,,,,LW1_Cl,LW1.Sub1,,,LW903 Sub1,LT Face Control Compartment RTD,Alm_Warning,,,,,,,e95c7fbf-f9b4-4103-f5bb-0c4a1fd57c04
LW_Sub1_Comp_LT_Face_Control_Temp_LL_T,DIGITAL,LW_Sub1_CLX,LW_SS01_Comp.LT_FACE_CONT.LowLowAlarm,,,,,,,LT Face Control Compartment RTD - Low Low Level Alarm,,,0x0012d3c0,,,,,,LW1_Cl,LW1.Sub1,,,LW903 Sub1,LT Face Control Compartment RTD,Alm_Trip,,,,,,,516e568f-bae8-4783-55ae-880a7243e3f1
LW_Sub1_Comp_LT_Busway_Temp_PV,REAL,LW_Sub1_CLX,LW_SS01_Comp.LT_BUSWAY.PV,0.0,100.0,0.0,100.0,^0xb0C,#EU,LT Busway Compartment RTD - Process Variable,,,0x0012d3d0,,,,,,LW1_Cl,LW1.Sub1,,,LW903 Sub1,LT Busway Compartment RTD,,1,,,,,,ef1e9845-0f42-4590-6787-9878dbd4567f
LW_Sub1_Comp_LT_Busway_Temp_HH_SP,REAL,LW_Sub1_CLX,LW_SS01_Comp.LT_BUSWAY.HighHighSP,0.0,100.0,0.0,100.0,^0xb0C,#EU,LT Busway Compartment RTD - High High Level Setpoint,,,0x0012d3d1,,,,,,LW1_Cl,LW1.Sub1,,,LW903 Sub1,LT Busway Compartment RTD,,600,,,,,,65a94f28-80d8-468f-c88a-b6171840da9b
LW_Sub1_Comp_LT_Busway_Temp_H_SP,REAL,LW_Sub1_CLX,LW_SS01_Comp.LT_BUSWAY.HighSP,0.0,100.0,0.0,100.0,^0xb0C,#EU,LT Busway Compartment RTD - High level Setpoint,,,0x0012d3d2,,,,,,LW1_Cl,LW1.Sub1,,,LW903 Sub1,LT Busway Compartment RTD,,600,,,,,,90551a3d-e564-4212-8886-9f9cf4154879
LW_Sub1_Comp_LT_Busway_Temp_L_SP,REAL,LW_Sub1_CLX,LW_SS01_Comp.LT_BUSWAY.LowSP,0.0,100.0,0.0,100.0,^0xb0C,#EU,LT Busway Compartment RTD - Low Level Setpoint,,,0x0012d3d3,,,,,,LW1_Cl,LW1.Sub1,,,LW903 Sub1,LT Busway Compartment RTD,,600,,,,,,a62186a4-a0c2-4411-969a-79ee427f0606
LW_Sub1_Comp_LT_Busway_Temp_LL_SP,REAL,LW_Sub1_CLX,LW_SS01_Comp.LT_BUSWAY.LowLowSP,0.0,100.0,0.0,100.0,^0xb0C,#EU,LT Busway Compartment RTD - Low Low Level Setpoint,,,0x0012d3d4,,,,,,LW1_Cl,LW1.Sub1,,,LW903 Sub1,LT Busway Compartment RTD,,600,,,,,,88d11873-0ad8-445f-fa80-bcf3f93d4907
LW_Sub1_Comp_LT_Busway_Temp_OOS,DIGITAL,LW_Sub1_CLX,LW_SS01_Comp.LT_BUSWAY.OOS,,,,,,,LT Busway Compartment RTD - Out of Service,,,0x0012d3e0,,,,,,LW1_Cl,LW1.Sub1,,,LW903 Sub1,LT Busway Compartment RTD,,,,,,,,8f064a17-606e-4297-30a3-30cda1739c79
LW_Sub1_Comp_LT_Busway_Temp_ChFlt_T,DIGITAL,LW_Sub1_CLX,LW_SS01_Comp.LT_BUSWAY.Offscale,,,,,,,LT Busway Compartment RTD - Channel Fault,,,0x0012d3f0,,,,,,LW1_Cl,LW1.Sub1,,,LW903 Sub1,LT Busway Compartment RTD,Alm_Trip,,,,,,,e76a2223-44c9-46c6-a0b1-3e7c2da3d238
LW_Sub1_Comp_LT_Busway_Temp_HH_T,DIGITAL,LW_Sub1_CLX,LW_SS01_Comp.LT_BUSWAY.HighHighAlarm,,,,,,,LT Busway Compartment RTD - High High Level Alarm,,,0x0012d400,,,,,,LW1_Cl,LW1.Sub1,,,LW903 Sub1,LT Busway Compartment RTD,Alm_Trip,,,,,,,a68c1ffe-8e3d-4d87-04ae-5f8bcb15bda8
LW_Sub1_Comp_LT_Busway_Temp_H_W,DIGITAL,LW_Sub1_CLX,LW_SS01_Comp.LT_BUSWAY.HighAlarm,,,,,,,LT Busway Compartment RTD - High Level Alarm,,,0x0012d410,,,,,,LW1_Cl,LW1.Sub1,,,LW903 Sub1,LT Busway Compartment RTD,Alm_Warning,,,,,,,1eed7420-291f-4e90-5aa7-0cd356203c20
LW_Sub1_Comp_LT_Busway_Temp_L_W,DIGITAL,LW_Sub1_CLX,LW_SS01_Comp.LT_BUSWAY.LowAlarm,,,,,,,LT Busway Compartment RTD - Low Level Alarm,,,0x0012d420,,,,,,LW1_Cl,LW1.Sub1,,,LW903 Sub1,LT Busway Compartment RTD,Alm_Warning,,,,,,,50eddea8-81cf-4afc-fba4-f43bbaa137d2
LW_Sub1_Comp_LT_Busway_Temp_LL_T,DIGITAL,LW_Sub1_CLX,LW_SS01_Comp.LT_BUSWAY.LowLowAlarm,,,,,,,LT Busway Compartment RTD - Low Low Level Alarm,,,0x0012d430,,,,,,LW1_Cl,LW1.Sub1,,,LW903 Sub1,LT Busway Compartment RTD,Alm_Trip,,,,,,,3b279981-4e3b-487c-829f-6c34364471d4
LW_Sub1_OTL_6_CB_CLSD_i,DIGITAL,LW_Sub1_CLX,LW_SS01_AUX.OTL_6.CB_CLSD_i,,,,,,,Outlet 6 - Circuit breaker Closed,,,0x0012d440,,,,,,LW1_Cl,LW1.Sub1,,,LW903 Sub1,Outlet 6,,,,,,,,c1cf0c19-8021-4e41-d483-a1f27d39e159
LW_Sub1_OTL_6_CON_CLSD_i,DIGITAL,LW_Sub1_CLX,LW_SS01_AUX.OTL_6.CON_CLSD_i,,,,,,,Outlet 6 - Contactor Closed,,,0x0012d450,,,,,,LW1_Cl,LW1.Sub1,,,LW903 Sub1,Outlet 6,,,,,,,,12bf61ca-0251-4208-d98c-5d8ccf215213
LW_Sub1_OTL_6_ISOL_CLSD_i,DIGITAL,LW_Sub1_CLX,LW_SS01_AUX.OTL_6.ISOL_CLSD_i,,,,,,,Outlet 6 - Isolator Closed,,,0x0012d460,,,,,,LW1_Cl,LW1.Sub1,,,LW903 Sub1,Outlet 6,,,,,,,,a9358b5d-e388-4463-148f-b473afe4f778
LW_Sub1_OTL_6_EC_t,DIGITAL,LW_Sub1_CLX,LW_SS01_AUX.OTL_6.EC_t,,,,,,,Outlet 6 - Earth Continuity Trip,,,0x0012d470,,,,,,LW1_Cl,LW1.Sub1,,,LW903 Sub1,Outlet 6,,,,,,,,57eb1c0c-1fcf-454b-2289-a8aa4f15a326
LW_Sub1_OTL_6_EL_t,DIGITAL,LW_Sub1_CLX,LW_SS01_AUX.OTL_6.EL_t,,,,,,,Outlet 6 - Earth Leakage Trip,,,0x0012d480,,,,,,LW1_Cl,LW1.Sub1,,,LW903 Sub1,Outlet 6,,,,,,,,a8da9dbb-bd38-4b19-66b3-19bdb39147fe
LW_Sub1_OTL_6_EFLO_t,DIGITAL,LW_Sub1_CLX,LW_SS01_AUX.OTL_6.EFLO_t,,,,,,,Outlet 6 - EFLO Trip,,,0x0012d490,,,,,,LW1_Cl,LW1.Sub1,,,LW903 Sub1,Outlet 6,,,,,,,,9ff00111-ef81-462f-87b0-f7c396695061
LW_Sub1_OTL_6_LOV_t,DIGITAL,LW_Sub1_CLX,LW_SS01_AUX.OTL_6.LOV_t,,,,,,,Outlet 6 - Loss Of Vacum Trip,,,0x0012d4a0,,,,,,LW1_Cl,LW1.Sub1,,,LW903 Sub1,Outlet 6,,,,,,,,7df9d305-9e77-4ced-6ea1-47f6c8f36ee1
LW_Sub1_OTL_6_FTC_t,DIGITAL,LW_Sub1_CLX,LW_SS01_AUX.OTL_6.FTC_t,,,,,,,Outlet 6 - Fail To Close Trip,,,0x0012d4b0,,,,,,LW1_Cl,LW1.Sub1,,,LW903 Sub1,Outlet 6,,,,,,,,e6024dd2-a3b9-4157-d78e-e00c5737cad9
LW_Sub1_OTL_6_UCO_t,DIGITAL,LW_Sub1_CLX,LW_SS01_AUX.OTL_6.UCO_t,,,,,,,Outlet 6 - Uncommanded Open Trip,,,0x0012d4c0,,,,,,LW1_Cl,LW1.Sub1,,,LW903 Sub1,Outlet 6,,,,,,,,f33db9f5-33b8-4ccb-6ebe-f16c50f18564
LW_Sub1_OTL_6_OC_t,DIGITAL,LW_Sub1_CLX,LW_SS01_AUX.OTL_6.OC_t,,,,,,,Outlet 6 - Overcurrent Tripped,,,0x0012d4d0,,,,,,LW1_Cl,LW1.Sub1,,,LW903 Sub1,Outlet 6,,,,,,,,e56567ee-f7f1-485e-2f94-d3e71d9432ba
LW_Sub1_OTL_6_HTY_s,DIGITAL,LW_Sub1_CLX,LW_SS01_AUX.OTL_6.HTY_s,,,,,,,Outlet 6 - Healthy 1 = Healthy,,,0x0012d4e0,,,,,,LW1_Cl,LW1.Sub1,,,LW903 Sub1,Outlet 6,,,,,,,,ed105b2c-f786-429e-3998-c2df09628fef
LW_Sub1_OTL_6_RST_c_CMD_i,DIGITAL,LW_Sub1_CLX,LW_SS01_AUX.OTL_6.RST_c.CMD_i,,,,,,,Outlet 6 - Reset Outlet Request,,,0x0012d4f0,,,,,,LW1_Cl,LW1.Sub1,,,LW903 Sub1,Outlet 6,Alm_Event,,,,,,,dcad357b-adee-43d6-ab90-b4c8d0ac0344
LW_Sub1_OTL_6_STA_c_CMD_i,DIGITAL,LW_Sub1_CLX,LW_SS01_AUX.OTL_6.STA_c.CMD_i,,,,,,,Outlet 6 - Start Outlet Request,,,0x0012d500,,,,,,LW1_Cl,LW1.Sub1,,,LW903 Sub1,Outlet 6,Alm_Event,,,,,,,2e31e534-c2e1-4a27-a1b9-f90031670671
LW_Sub1_OTL_6_STO_c_CMD_i,DIGITAL,LW_Sub1_CLX,LW_SS01_AUX.OTL_6.STO_c.CMD_i,,,,,,,Outlet 6 - Stop Outlet Request,,,0x0012d510,,,,,,LW1_Cl,LW1.Sub1,,,LW903 Sub1,Outlet 6,Alm_Event,,,,,,,be351e8e-a583-4f92-5791-6129d117e139
LW_Sub1_OTL_6_EL_TST_c_CMD_i,DIGITAL,LW_Sub1_CLX,LW_SS01_AUX.OTL_6.EL_TST_c.CMD_i,,,,,,,Outlet 6 - Earth Leakage Test Request,,,0x0012d520,,,,,,LW1_Cl,LW1.Sub1,,,LW903 Sub1,Outlet 6,Alm_Event,,,,,,,053aa63d-cd7d-4b72-4883-c3d0c250d706
LW_Sub1_OTL_6_EC_TST_c_CMD_i,DIGITAL,LW_Sub1_CLX,LW_SS01_AUX.OTL_6.EC_TST_c.CMD_i,,,,,,,Outlet 6 - Earth Continuity Test Request,,,0x0012d530,,,,,,LW1_Cl,LW1.Sub1,,,LW903 Sub1,Outlet 6,Alm_Event,,,,,,,c93d4a4c-a973-4d39-1a96-7705be8c9e35
LW_Sub1_OTL_6_Earth_Leakage_PV,REAL,LW_Sub1_CLX,LW_SS01_AUX.OTL_6.EL.PV,0.0,350.0,0.0,350.0,A,#.#EU,Outlet 6 Earth Leakage - Process Variable,,,0x0012d540,,,,,,LW1_Cl,LW1.Sub1,,,LW903 Sub1,Outlet 6 Earth Leakage,,1,,,,,,321e542e-61f0-494f-5097-5e4f23f05be1
LW_Sub1_OTL_6_Earth_Leakage_HH_SP,REAL,LW_Sub1_CLX,LW_SS01_AUX.OTL_6.EL.HighHighSP,0.0,350.0,0.0,350.0,A,#.#EU,Outlet 6 Earth Leakage - High High Level Setpoint,,,0x0012d541,,,,,,LW1_Cl,LW1.Sub1,,,LW903 Sub1,Outlet 6 Earth Leakage,,600,,,,,,c6b2a4ed-2c4b-4f78-319b-582bf858e766
LW_Sub1_OTL_6_Earth_Leakage_H_SP,REAL,LW_Sub1_CLX,LW_SS01_AUX.OTL_6.EL.HighSP,0.0,350.0,0.0,350.0,A,#.#EU,Outlet 6 Earth Leakage - High level Setpoint,,,0x0012d542,,,,,,LW1_Cl,LW1.Sub1,,,LW903 Sub1,Outlet 6 Earth Leakage,,600,,,,,,99247bce-2dd0-4db7-d892-edbe57db7387
LW_Sub1_OTL_6_Earth_Leakage_L_SP,REAL,LW_Sub1_CLX,LW_SS01_AUX.OTL_6.EL.LowSP,0.0,350.0,0.0,350.0,A,#.#EU,Outlet 6 Earth Leakage - Low Level Setpoint,,,0x0012d543,,,,,,LW1_Cl,LW1.Sub1,,,LW903 Sub1,Outlet 6 Earth Leakage,,600,,,,,,8111ccc1-6a65-47b2-f28c-e8e49e268643
LW_Sub1_OTL_6_Earth_Leakage_LL_SP,REAL,LW_Sub1_CLX,LW_SS01_AUX.OTL_6.EL.LowLowSP,0.0,350.0,0.0,350.0,A,#.#EU,Outlet 6 Earth Leakage - Low Low Level Setpoint,,,0x0012d544,,,,,,LW1_Cl,LW1.Sub1,,,LW903 Sub1,Outlet 6 Earth Leakage,,600,,,,,,9e03c13e-67cb-4fa6-d6b4-eaa0c161f2ba
LW_Sub1_OTL_6_Earth_Leakage_ChFlt_T,DIGITAL,LW_Sub1_CLX,LW_SS01_AUX.OTL_6.EL.Offscale,,,,,,,Outlet 6 Earth Leakage - Channel Fault,,,0x0012d550,,,,,,LW1_Cl,LW1.Sub1,,,LW903 Sub1,Outlet 6 Earth Leakage,Alm_Trip,,,,,,,479744f5-c4bd-4978-7492-6ebae8560d3f
LW_Sub1_OTL_6_Earth_Leakage_HH_T,DIGITAL,LW_Sub1_CLX,LW_SS01_AUX.OTL_6.EL.HighHighAlarm,,,,,,,Outlet 6 Earth Leakage - High High Level Alarm,,,0x0012d560,,,,,,LW1_Cl,LW1.Sub1,,,LW903 Sub1,Outlet 6 Earth Leakage,Alm_Trip,,,,,,,bce97257-efa8-40f7-588e-cd7265cecee3
LW_Sub1_OTL_6_Earth_Leakage_H_W,DIGITAL,LW_Sub1_CLX,LW_SS01_AUX.OTL_6.EL.HighAlarm,,,,,,,Outlet 6 Earth Leakage - High Level Alarm,,,0x0012d570,,,,,,LW1_Cl,LW1.Sub1,,,LW903 Sub1,Outlet 6 Earth Leakage,Alm_Warning,,,,,,,7354ec37-e60d-44d4-7695-4482b74d4b68
LW_Sub1_OTL_6_Earth_Leakage_L_W,DIGITAL,LW_Sub1_CLX,LW_SS01_AUX.OTL_6.EL.LowAlarm,,,,,,,Outlet 6 Earth Leakage - Low Level Alarm,,,0x0012d580,,,,,,LW1_Cl,LW1.Sub1,,,LW903 Sub1,Outlet 6 Earth Leakage,Alm_Warning,,,,,,,27516384-18c4-4df2-eeb7-7954236b2531
LW_Sub1_OTL_6_Earth_Leakage_LL_T,DIGITAL,LW_Sub1_CLX,LW_SS01_AUX.OTL_6.EL.LowLowAlarm,,,,,,,Outlet 6 Earth Leakage - Low Low Level Alarm,,,0x0012d590,,,,,,LW1_Cl,LW1.Sub1,,,LW903 Sub1,Outlet 6 Earth Leakage,Alm_Trip,,,,,,,dd67c93d-04c5-4e51-3fb9-54f3b67ff4de
LW_Sub1_OTL_7_CB_CLSD_i,DIGITAL,LW_Sub1_CLX,LW_SS01_AUX.OTL_7.CB_CLSD_i,,,,,,,Outlet 7  - Circuit breaker Closed,,,0x0012d5a0,,,,,,LW1_Cl,LW1.Sub1,,,LW903 Sub1,Outlet 7,,,,,,,,5ce3a65c-611b-4e2a-1cb2-44a49bf5a24f
LW_Sub1_OTL_7_CON_CLSD_i,DIGITAL,LW_Sub1_CLX,LW_SS01_AUX.OTL_7.CON_CLSD_i,,,,,,,Outlet 7  - Contactor Closed,,,0x0012d5b0,,,,,,LW1_Cl,LW1.Sub1,,,LW903 Sub1,Outlet 7,,,,,,,,1d6b0767-7ec4-4b3b-edae-6d1b1086adc9
LW_Sub1_OTL_7_ISOL_CLSD_i,DIGITAL,LW_Sub1_CLX,LW_SS01_AUX.OTL_7.ISOL_CLSD_i,,,,,,,Outlet 7  - Isolator Closed,,,0x0012d5c0,,,,,,LW1_Cl,LW1.Sub1,,,LW903 Sub1,Outlet 7,,,,,,,,d89510fa-7099-482f-a1bd-ed16fbd6dee1
LW_Sub1_OTL_7_EC_t,DIGITAL,LW_Sub1_CLX,LW_SS01_AUX.OTL_7.EC_t,,,,,,,Outlet 7  - Earth Continuity Trip,,,0x0012d5d0,,,,,,LW1_Cl,LW1.Sub1,,,LW903 Sub1,Outlet 7,,,,,,,,fce114a4-0f69-4cc7-3594-80b6faa46d46
LW_Sub1_OTL_7_EL_t,DIGITAL,LW_Sub1_CLX,LW_SS01_AUX.OTL_7.EL_t,,,,,,,Outlet 7  - Earth Leakage Trip,,,0x0012d5e0,,,,,,LW1_Cl,LW1.Sub1,,,LW903 Sub1,Outlet 7,,,,,,,,a3487b8e-485f-40cf-1596-0cf5e6170ce2
LW_Sub1_OTL_7_EFLO_t,DIGITAL,LW_Sub1_CLX,LW_SS01_AUX.OTL_7.EFLO_t,,,,,,,Outlet 7  - EFLO Trip,,,0x0012d5f0,,,,,,LW1_Cl,LW1.Sub1,,,LW903 Sub1,Outlet 7,,,,,,,,6f20f5b8-23cd-4b21-ed97-1253f1e4b97a
LW_Sub1_OTL_7_LOV_t,DIGITAL,LW_Sub1_CLX,LW_SS01_AUX.OTL_7.LOV_t,,,,,,,Outlet 7  - Loss Of Vacum Trip,,,0x0012d600,,,,,,LW1_Cl,LW1.Sub1,,,LW903 Sub1,Outlet 7,,,,,,,,b297a950-8102-4f70-5f89-6321d88b6c5e
LW_Sub1_OTL_7_FTC_t,DIGITAL,LW_Sub1_CLX,LW_SS01_AUX.OTL_7.FTC_t,,,,,,,Outlet 7  - Fail To Close Trip,,,0x0012d610,,,,,,LW1_Cl,LW1.Sub1,,,LW903 Sub1,Outlet 7,,,,,,,,e5b1107e-5c06-4aa0-46a1-4a09ba9e307e
LW_Sub1_OTL_7_UCO_t,DIGITAL,LW_Sub1_CLX,LW_SS01_AUX.OTL_7.UCO_t,,,,,,,Outlet 7  - Uncommanded Open Trip,,,0x0012d620,,,,,,LW1_Cl,LW1.Sub1,,,LW903 Sub1,Outlet 7,,,,,,,,3b2eb7df-d0c2-4ede-0ebf-4d3c1b5aacca
LW_Sub1_OTL_7_OC_t,DIGITAL,LW_Sub1_CLX,LW_SS01_AUX.OTL_7.OC_t,,,,,,,Outlet 7  - Overcurrent Tripped,,,0x0012d630,,,,,,LW1_Cl,LW1.Sub1,,,LW903 Sub1,Outlet 7,,,,,,,,297f936d-5b53-4870-ce88-1f4b59ed0526
LW_Sub1_OTL_7_HTY_s,DIGITAL,LW_Sub1_CLX,LW_SS01_AUX.OTL_7.HTY_s,,,,,,,Outlet 7  - Healthy 1 = Healthy,,,0x0012d640,,,,,,LW1_Cl,LW1.Sub1,,,LW903 Sub1,Outlet 7,,,,,,,,c9a80878-aa24-45f7-ed87-7631fd0a07af
LW_Sub1_OTL_7_RST_c_CMD_i,DIGITAL,LW_Sub1_CLX,LW_SS01_AUX.OTL_7.RST_c.CMD_i,,,,,,,Outlet 7  - Reset Outlet Request,,,0x0012d650,,,,,,LW1_Cl,LW1.Sub1,,,LW903 Sub1,Outlet 7,Alm_Event,,,,,,,87b68b29-687e-4535-9a99-327369736c78
LW_Sub1_OTL_7_STA_c_CMD_i,DIGITAL,LW_Sub1_CLX,LW_SS01_AUX.OTL_7.STA_c.CMD_i,,,,,,,Outlet 7  - Start Outlet Request,,,0x0012d660,,,,,,LW1_Cl,LW1.Sub1,,,LW903 Sub1,Outlet 7,Alm_Event,,,,,,,deaa4ce8-7e96-4a20-9fb6-32cf700cbc99
LW_Sub1_OTL_7_STO_c_CMD_i,DIGITAL,LW_Sub1_CLX,LW_SS01_AUX.OTL_7.STO_c.CMD_i,,,,,,,Outlet 7  - Stop Outlet Request,,,0x0012d670,,,,,,LW1_Cl,LW1.Sub1,,,LW903 Sub1,Outlet 7,Alm_Event,,,,,,,e2d8534d-824d-4976-3f82-27ceafc00677
LW_Sub1_OTL_7_EL_TST_c_CMD_i,DIGITAL,LW_Sub1_CLX,LW_SS01_AUX.OTL_7.EL_TST_c.CMD_i,,,,,,,Outlet 7  - Earth Leakage Test Request,,,0x0012d680,,,,,,LW1_Cl,LW1.Sub1,,,LW903 Sub1,Outlet 7,Alm_Event,,,,,,,4dc52d6e-3172-48e2-b8ab-9b10225e7a53
LW_Sub1_OTL_7_EC_TST_c_CMD_i,DIGITAL,LW_Sub1_CLX,LW_SS01_AUX.OTL_7.EC_TST_c.CMD_i,,,,,,,Outlet 7  - Earth Continuity Test Request,,,0x0012d690,,,,,,LW1_Cl,LW1.Sub1,,,LW903 Sub1,Outlet 7,Alm_Event,,,,,,,ba35e750-acbe-40d7-8d82-fb09d2181299
LW_Sub1_OTL_7_Earth_Leakage_PV,REAL,LW_Sub1_CLX,LW_SS01_AUX.OTL_7.EL.PV,0.0,350.0,0.0,350.0,A,#.#EU,Outlet 7 Earth Leakage - Process Variable,,,0x0012d6a0,,,,,,LW1_Cl,LW1.Sub1,,,LW903 Sub1,Outlet 7 Earth Leakage,,1,,,,,,10e6838d-045b-4675-dcaa-0c37a621a9ec
LW_Sub1_OTL_7_Earth_Leakage_HH_SP,REAL,LW_Sub1_CLX,LW_SS01_AUX.OTL_7.EL.HighHighSP,0.0,350.0,0.0,350.0,A,#.#EU,Outlet 7 Earth Leakage - High High Level Setpoint,,,0x0012d6a1,,,,,,LW1_Cl,LW1.Sub1,,,LW903 Sub1,Outlet 7 Earth Leakage,,600,,,,,,38d4699b-6a26-4fb8-40a6-d3a469812ba6
LW_Sub1_OTL_7_Earth_Leakage_H_SP,REAL,LW_Sub1_CLX,LW_SS01_AUX.OTL_7.EL.HighSP,0.0,350.0,0.0,350.0,A,#.#EU,Outlet 7 Earth Leakage - High level Setpoint,,,0x0012d6a2,,,,,,LW1_Cl,LW1.Sub1,,,LW903 Sub1,Outlet 7 Earth Leakage,,600,,,,,,628a470f-9a60-4321-e196-c213d0bb9f06
LW_Sub1_OTL_7_Earth_Leakage_L_SP,REAL,LW_Sub1_CLX,LW_SS01_AUX.OTL_7.EL.LowSP,0.0,350.0,0.0,350.0,A,#.#EU,Outlet 7 Earth Leakage - Low Level Setpoint,,,0x0012d6a3,,,,,,LW1_Cl,LW1.Sub1,,,LW903 Sub1,Outlet 7 Earth Leakage,,600,,,,,,f49cd58a-9246-4e0c-cea1-5c62c54cf6f5
LW_Sub1_OTL_7_Earth_Leakage_LL_SP,REAL,LW_Sub1_CLX,LW_SS01_AUX.OTL_7.EL.LowLowSP,0.0,350.0,0.0,350.0,A,#.#EU,Outlet 7 Earth Leakage - Low Low Level Setpoint,,,0x0012d6a4,,,,,,LW1_Cl,LW1.Sub1,,,LW903 Sub1,Outlet 7 Earth Leakage,,600,,,,,,bd33c8de-da8f-4873-0d9e-710ae57dd7d4
LW_Sub1_OTL_7_Earth_Leakage_ChFlt_T,DIGITAL,LW_Sub1_CLX,LW_SS01_AUX.OTL_7.EL.Offscale,,,,,,,Outlet 7 Earth Leakage - Channel Fault,,,0x0012d6b0,,,,,,LW1_Cl,LW1.Sub1,,,LW903 Sub1,Outlet 7 Earth Leakage,Alm_Trip,,,,,,,f5e462a4-158f-4975-e688-e56565a06fcb
LW_Sub1_OTL_7_Earth_Leakage_HH_T,DIGITAL,LW_Sub1_CLX,LW_SS01_AUX.OTL_7.EL.HighHighAlarm,,,,,,,Outlet 7 Earth Leakage - High High Level Alarm,,,0x0012d6c0,,,,,,LW1_Cl,LW1.Sub1,,,LW903 Sub1,Outlet 7 Earth Leakage,Alm_Trip,,,,,,,228af5bc-4f51-4183-cdb5-c225d25fcf03
LW_Sub1_OTL_7_Earth_Leakage_H_W,DIGITAL,LW_Sub1_CLX,LW_SS01_AUX.OTL_7.EL.HighAlarm,,,,,,,Outlet 7 Earth Leakage - High Level Alarm,,,0x0012d6d0,,,,,,LW1_Cl,LW1.Sub1,,,LW903 Sub1,Outlet 7 Earth Leakage,Alm_Warning,,,,,,,67827763-685b-419b-3d95-b5cf480c60a8
LW_Sub1_OTL_7_Earth_Leakage_L_W,DIGITAL,LW_Sub1_CLX,LW_SS01_AUX.OTL_7.EL.LowAlarm,,,,,,,Outlet 7 Earth Leakage - Low Level Alarm,,,0x0012d6e0,,,,,,LW1_Cl,LW1.Sub1,,,LW903 Sub1,Outlet 7 Earth Leakage,Alm_Warning,,,,,,,aa9f2322-baf2-42e7-8a92-fa187f6cd2d3
LW_Sub1_OTL_7_Earth_Leakage_LL_T,DIGITAL,LW_Sub1_CLX,LW_SS01_AUX.OTL_7.EL.LowLowAlarm,,,,,,,Outlet 7 Earth Leakage - Low Low Level Alarm,,,0x0012d6f0,,,,,,LW1_Cl,LW1.Sub1,,,LW903 Sub1,Outlet 7 Earth Leakage,Alm_Trip,,,,,,,48a8b81c-88f4-4111-b190-091195e8963c
LW_Sub1_TXF_Sepam_CurrentI1,INT,LW_Sub1_CLX,LW_SS01_TXF.SEPAM.I1,0.0,2000.0,0.0,200.0,A,#.#EU,Transformer Sepam - I1 Phase Current (A),,,0x0012d700,,,,,,LW1_Cl,LW1.Sub1,,,LW903 Sub1,Transformer Sepam,,1,,,,,,0a734210-ee71-41ff-5aa3-69d14527ac63
LW_Sub1_TXF_Sepam_CurrentI2,INT,LW_Sub1_CLX,LW_SS01_TXF.SEPAM.I2,0.0,2000.0,0.0,200.0,A,#.#EU,Transformer Sepam - I2 Phase Current (A),,,0x0012d701,,,,,,LW1_Cl,LW1.Sub1,,,LW903 Sub1,Transformer Sepam,,1,,,,,,c66bf1b8-ed9a-4628-0e90-435af213b3a2
LW_Sub1_TXF_Sepam_CurrentI3,INT,LW_Sub1_CLX,LW_SS01_TXF.SEPAM.I3,0.0,2000.0,0.0,200.0,A,#.#EU,Transformer Sepam - I3 Phase Current (A),,,0x0012d702,,,,,,LW1_Cl,LW1.Sub1,,,LW903 Sub1,Transformer Sepam,,1,,,,,,768f6324-eb8c-424d-eba8-a1faeb0138b5
LW_Sub1_TXF_Sepam_ResidualCurrentSum,INT,LW_Sub1_CLX,LW_SS01_TXF.SEPAM.I0Sum,0.0,1000.0,0.0,100.0,A,#EU,Transformer Sepam - I0 Residual Current Sum (A),,,0x0012d703,,,,,,LW1_Cl,LW1.Sub1,,,LW903 Sub1,Transformer Sepam,,,,,,,,f434c580-4b7f-47b2-bc93-9162f76168de
LW_Sub1_TXF_Sepam_ResidualCurrentMeasured,INT,LW_Sub1_CLX,LW_SS01_TXF.SEPAM.I0Mea,0.0,1000.0,0.0,100.0,A,#EU,Transformer Sepam - I0 Residual Current Measured (A),,,0x0012d704,,,,,,LW1_Cl,LW1.Sub1,,,LW903 Sub1,Transformer Sepam,,,,,,,,7a4cfd39-a916-43f3-669c-0463c8aca634
LW_Sub1_TXF_Sepam_CurrentI1Average,INT,LW_Sub1_CLX,LW_SS01_TXF.SEPAM.I1Avg,0.0,2000.0,0.0,200.0,A,#.#EU,Transformer Sepam - I1 Average Phase Current (A),,,0x0012d705,,,,,,LW1_Cl,LW1.Sub1,,,LW903 Sub1,Transformer Sepam,,,,,,,,0801ba30-b794-47d5-c69a-645bd6fc636e
LW_Sub1_TXF_Sepam_CurrentI2Average,INT,LW_Sub1_CLX,LW_SS01_TXF.SEPAM.I2Avg,0.0,2000.0,0.0,200.0,A,#.#EU,Transformer Sepam - I2 Average Phase Current (A),,,0x0012d706,,,,,,LW1_Cl,LW1.Sub1,,,LW903 Sub1,Transformer Sepam,,,,,,,,e5cdbe67-14f6-4ce3-ba87-15b0ca72a416
LW_Sub1_TXF_Sepam_CurrentI3Average,INT,LW_Sub1_CLX,LW_SS01_TXF.SEPAM.I3Avg,0.0,2000.0,0.0,200.0,A,#.#EU,Transformer Sepam - I3 Average Phase Current (A),,,0x0012d707,,,,,,LW1_Cl,LW1.Sub1,,,LW903 Sub1,Transformer Sepam,,,,,,,,f5ac1566-75cf-4612-bf87-c2b063665b6c
LW_Sub1_TXF_Sepam_PeakDemandCurrentI1,INT,LW_Sub1_CLX,LW_SS01_TXF.SEPAM.I1Pk,0.0,2000.0,0.0,200.0,A,#.#EU,Transformer Sepam - I1 Peak Demand Phase Current (A),,,0x0012d708,,,,,,LW1_Cl,LW1.Sub1,,,LW903 Sub1,Transformer Sepam,,,,,,,,057ddb7d-34cb-44c2-6285-2b9f9b47bbeb
LW_Sub1_TXF_Sepam_PeakDemandCurrentI2,INT,LW_Sub1_CLX,LW_SS01_TXF.SEPAM.I2Pk,0.0,2000.0,0.0,200.0,A,#.#EU,Transformer Sepam - I2 Peak Demand Phase Current (A),,,0x0012d709,,,,,,LW1_Cl,LW1.Sub1,,,LW903 Sub1,Transformer Sepam,,,,,,,,d20c66fe-66ad-44a4-9280-d765d087c76c
LW_Sub1_TXF_Sepam_PeakDemandCurrentI3,INT,LW_Sub1_CLX,LW_SS01_TXF.SEPAM.I3Pk,0.0,2000.0,0.0,200.0,A,#.#EU,Transformer Sepam - I3 Peak Demand Phase Current (A),,,0x0012d70a,,,,,,LW1_Cl,LW1.Sub1,,,LW903 Sub1,Transformer Sepam,,,,,,,,741aa58f-f13e-417a-f6b8-11a67d9633b6
LW_Sub1_TXF_Sepam_VoltageV21,INT,LW_Sub1_CLX,LW_SS01_TXF.SEPAM.U21V,0.0,12000.0,0.0,12.0,kV,#.#EU,Transformer Sepam - Phase to Phase Voltage 2-1 (kV),,,0x0012d70b,,,,,,LW1_Cl,LW1.Sub1,,,LW903 Sub1,Transformer Sepam,,1,,,,,,d3fc4ab5-b5be-428d-62af-e9557d168971
LW_Sub1_TXF_Sepam_VoltageV32,INT,LW_Sub1_CLX,LW_SS01_TXF.SEPAM.U32V,0.0,12000.0,0.0,12.0,kV,#.#EU,Transformer Sepam - Phase to Phase Voltage 3-2 (kV),,,0x0012d70c,,,,,,LW1_Cl,LW1.Sub1,,,LW903 Sub1,Transformer Sepam,,1,,,,,,b38060c0-75f0-48d2-f7b5-7eef21ca68c9
LW_Sub1_TXF_Sepam_VoltageV13,INT,LW_Sub1_CLX,LW_SS01_TXF.SEPAM.U13V,0.0,12000.0,0.0,12.0,kV,#.#EU,Transformer Sepam - Phase to Phase Voltage 1-3 (kV),,,0x0012d70d,,,,,,LW1_Cl,LW1.Sub1,,,LW903 Sub1,Transformer Sepam,,1,,,,,,8882fb66-9322-4ffe-91ba-9aa8b55984e0
LW_Sub1_TXF_Sepam_VoltageV1,INT,LW_Sub1_CLX,LW_SS01_TXF.SEPAM.V1,0.0,12000.0,0.0,12.0,kV,#.#EU,Transformer Sepam - Phase Voltage V1 (kV),,,0x0012d70e,,,,,,LW1_Cl,LW1.Sub1,,,LW903 Sub1,Transformer Sepam,,1,,,,,,77051636-ff73-406a-548a-ff1890538b5f
LW_Sub1_TXF_Sepam_VoltageV2,INT,LW_Sub1_CLX,LW_SS01_TXF.SEPAM.V2,0.0,12000.0,0.0,12.0,kV,#.#EU,Transformer Sepam - Phase Voltage V2 (kV),,,0x0012d70f,,,,,,LW1_Cl,LW1.Sub1,,,LW903 Sub1,Transformer Sepam,,1,,,,,,97d34d4f-577a-416b-5dbb-3d433f2d9ab5
LW_Sub1_TXF_Sepam_VoltageV3,INT,LW_Sub1_CLX,LW_SS01_TXF.SEPAM.V3,0.0,12000.0,0.0,12.0,kV,#.#EU,Transformer Sepam - Phase Voltage V3 (kV),,,0x0012d710,,,,,,LW1_Cl,LW1.Sub1,,,LW903 Sub1,Transformer Sepam,,1,,,,,,9530a0a2-9d61-4ca0-4dbe-21d00ecee1a9
LW_Sub1_TXF_Sepam_ResidualVoltage,INT,LW_Sub1_CLX,LW_SS01_TXF.SEPAM.V0,0.0,12000.0,0.0,12000.0,V,#EU,Transformer Sepam - Residual Voltage (V),,,0x0012d711,,,,,,LW1_Cl,LW1.Sub1,,,LW903 Sub1,Transformer Sepam,,,,,,,,fdb57467-ad66-413c-d59b-eb47b02d1fd6
LW_Sub1_TXF_Sepam_PosSequenceVoltage,INT,LW_Sub1_CLX,LW_SS01_TXF.SEPAM.Vd,0.0,12000.0,0.0,12000.0,kV,#EU,Transformer Sepam - Positive Sequence Voltage Vd (kV),,,0x0012d712,,,,,,LW1_Cl,LW1.Sub1,,,LW903 Sub1,Transformer Sepam,,,,,,,,a0e5e3b8-c036-4c7a-fc89-91848622701f
LW_Sub1_TXF_Sepam_NegSequenceVoltage,INT,LW_Sub1_CLX,LW_SS01_TXF.SEPAM.Vi,0.0,12000.0,0.0,12000.0,kV,#EU,Transformer Sepam - Negative Sequence Voltage Vi (kV),,,0x0012d713,,,,,,LW1_Cl,LW1.Sub1,,,LW903 Sub1,Transformer Sepam,,,,,,,,6ae21a56-3507-4f32-2b98-9e8ab5ea01b3
LW_Sub1_TXF_Sepam_Frequency,INT,LW_Sub1_CLX,LW_SS01_TXF.SEPAM.Hz,0.0,7000.0,0.0,70.0,Hz,#.##EU,Transformer Sepam - Frequency (Hz),,,0x0012d714,,,,,,LW1_Cl,LW1.Sub1,,,LW903 Sub1,Transformer Sepam,,1,,,,,,0c276755-3360-4e9e-25b0-04f6022ffd26
LW_Sub1_TXF_Sepam_ActivePower,INT,LW_Sub1_CLX,LW_SS01_TXF.SEPAM.P,0.0,-5000.0,0.0,5000.0,kW,#EU,Transformer Sepam - Active Power P,,,0x0012d715,,,,,,LW1_Cl,LW1.Sub1,,,LW903 Sub1,Transformer Sepam,,1,,,,,,22a2733b-8dee-4dbb-25a7-86ab80dd09db
LW_Sub1_TXF_Sepam_ReactivePower,INT,LW_Sub1_CLX,LW_SS01_TXF.SEPAM.Q,0.0,-5000.0,0.0,5000.0,kVar,#EU,Transformer Sepam - Reactive Power Q,,,0x0012d716,,,,,,LW1_Cl,LW1.Sub1,,,LW903 Sub1,Transformer Sepam,,1,,,,,,6673c32c-24eb-4ca9-3aad-78b2fddbca52
LW_Sub1_TXF_Sepam_ApparentPower,INT,LW_Sub1_CLX,LW_SS01_TXF.SEPAM.S,0.0,5000.0,0.0,5000.0,kVa,#EU,Transformer Sepam - Apparent Power S,,,0x0012d717,,,,,,LW1_Cl,LW1.Sub1,,,LW903 Sub1,Transformer Sepam,,1,,,,,,e1e50336-f479-4d62-a197-d336ec12251c
LW_Sub1_TXF_Sepam_PeakDemandActivePower,INT,LW_Sub1_CLX,LW_SS01_TXF.SEPAM.Pm,0.0,-5000.0,0.0,5000.0,kW,#EU,Transformer Sepam - Peak Demand Active Power Pm,,,0x0012d718,,,,,,LW1_Cl,LW1.Sub1,,,LW903 Sub1,Transformer Sepam,,,,,,,,d407721d-91a2-43f2-6a98-27fec6f6a384
LW_Sub1_TXF_Sepam_PeakDemandReactivePower,INT,LW_Sub1_CLX,LW_SS01_TXF.SEPAM.Qm,0.0,-5000.0,0.0,5000.0,kVar,#EU,Transformer Sepam - Peak Demand Reactive Power Qm,,,0x0012d719,,,,,,LW1_Cl,LW1.Sub1,,,LW903 Sub1,Transformer Sepam,,,,,,,,70679216-9032-42d9-d980-abf36c15dec8
LW_Sub1_TXF_Sepam_PowerFactor,INT,LW_Sub1_CLX,LW_SS01_TXF.SEPAM.PF,0.0,-100.0,0.0,1.0,,#.##,Transformer Sepam - Power Factor,,,0x0012d71a,,,,,,LW1_Cl,LW1.Sub1,,,LW903 Sub1,Transformer Sepam,,1,,,,,,c98e425d-2ef0-40f5-eabb-53fd5a190556
LW_Sub1_TXF_Sepam_U1_PhaseOvercurrent,DIGITAL,LW_Sub1_CLX,LW_SS01_TXF.SEPAM.Pro5051U1,,,,,,,Transformer Sepam - U1 Phase Overcurrent,,,0x0012d720,,,,,,LW1_Cl,LW1.Sub1,,,LW903 Sub1,Transformer Sepam,Alm_Trip,,,,,,,7934a392-094b-4c19-dab6-cbab11c683b5
LW_Sub1_TXF_Sepam_U2_PhaseOvercurrent,DIGITAL,LW_Sub1_CLX,LW_SS01_TXF.SEPAM.Pro5051U2,,,,,,,Transformer Sepam - U2 Phase Overcurrent,,,0x0012d730,,,,,,LW1_Cl,LW1.Sub1,,,LW903 Sub1,Transformer Sepam,Alm_Trip,,,,,,,e78d261e-2baa-49e0-d991-14501463f59c
LW_Sub1_TXF_Sepam_U3_PhaseOvercurrent,DIGITAL,LW_Sub1_CLX,LW_SS01_TXF.SEPAM.Pro5051U3,,,,,,,Transformer Sepam - U3 Phase Overcurrent,,,0x0012d740,,,,,,LW1_Cl,LW1.Sub1,,,LW903 Sub1,Transformer Sepam,Alm_Trip,,,,,,,f960dfb2-e0b3-417a-92b8-d5f5ef8738f7
LW_Sub1_TXF_Sepam_U4_PhaseOvercurrent,DIGITAL,LW_Sub1_CLX,LW_SS01_TXF.SEPAM.Pro5051U4,,,,,,,Transformer Sepam - U4 Phase Overcurrent,,,0x0012d750,,,,,,LW1_Cl,LW1.Sub1,,,LW903 Sub1,Transformer Sepam,Alm_Trip,,,,,,,b7895b65-d26b-4a31-8f97-1e9c1abf4cf0
LW_Sub1_TXF_Sepam_U1_EarthFault,DIGITAL,LW_Sub1_CLX,LW_SS01_TXF.SEPAM.Pro50N51NU1,,,,,,,Transformer Sepam - U1 Earth Fault,,,0x0012d760,,,,,,LW1_Cl,LW1.Sub1,,,LW903 Sub1,Transformer Sepam,Alm_Trip,,,,,,,e3e8f660-424e-4a14-6db8-9407a135621a
LW_Sub1_TXF_Sepam_U2_EarthFault,DIGITAL,LW_Sub1_CLX,LW_SS01_TXF.SEPAM.Pro50N51NU2,,,,,,,Transformer Sepam - U2 Earth Fault,,,0x0012d770,,,,,,LW1_Cl,LW1.Sub1,,,LW903 Sub1,Transformer Sepam,Alm_Trip,,,,,,,b84ecc7b-f6ce-4d42-d59b-08dbe8b93703
LW_Sub1_TXF_Sepam_U3_EarthFault,DIGITAL,LW_Sub1_CLX,LW_SS01_TXF.SEPAM.Pro50N51NU3,,,,,,,Transformer Sepam - U3 Earth Fault,,,0x0012d780,,,,,,LW1_Cl,LW1.Sub1,,,LW903 Sub1,Transformer Sepam,Alm_Trip,,,,,,,5a6930d7-bb62-49e6-82b3-0a06caab7d98
LW_Sub1_TXF_Sepam_U4_EarthFault,DIGITAL,LW_Sub1_CLX,LW_SS01_TXF.SEPAM.Pro50N51NU4,,,,,,,Transformer Sepam - U4 Earth Fault,,,0x0012d790,,,,,,LW1_Cl,LW1.Sub1,,,LW903 Sub1,Transformer Sepam,Alm_Trip,,,,,,,93e373af-a2b2-42b1-45b7-e1c8e4c40f81
LW_Sub1_TXF_Sepam_U1_UnderVoltage,DIGITAL,LW_Sub1_CLX,LW_SS01_TXF.SEPAM.Pro27DU1,,,,,,,Transformer Sepam - U1 Undervoltage,,,0x0012d7a0,,,,,,LW1_Cl,LW1.Sub1,,,LW903 Sub1,Transformer Sepam,Alm_Trip,,,,,,,d03293b4-4c22-4a35-c3a0-e1126e982bd0
LW_Sub1_TXF_Sepam_U2_UnderVoltage,DIGITAL,LW_Sub1_CLX,LW_SS01_TXF.SEPAM.Pro27DU2,,,,,,,Transformer Sepam - U2 Undervoltage,,,0x0012d7b0,,,,,,LW1_Cl,LW1.Sub1,,,LW903 Sub1,Transformer Sepam,Alm_Trip,,,,,,,424660ec-7582-4098-2bb0-50125bb80995
LW_Sub1_TXF_Sepam_U1_OverVoltage,DIGITAL,LW_Sub1_CLX,LW_SS01_TXF.SEPAM.Pro59U1,,,,,,,Transformer Sepam - U1 Overvoltage,,,0x0012d7c0,,,,,,LW1_Cl,LW1.Sub1,,,LW903 Sub1,Transformer Sepam,Alm_Trip,,,,,,,948e631f-5430-412d-54ae-1cafba61985c
LW_Sub1_TXF_Sepam_U2_OverVoltage,DIGITAL,LW_Sub1_CLX,LW_SS01_TXF.SEPAM.Pro59U2,,,,,,,Transformer Sepam - U2 Overvoltage,,,0x0012d7d0,,,,,,LW1_Cl,LW1.Sub1,,,LW903 Sub1,Transformer Sepam,Alm_Trip,,,,,,,cfa81b3f-8cb6-462b-eda2-acbb6548d800
LW_Sub1_TXF_Sepam_U1_NeutralOverVoltage,DIGITAL,LW_Sub1_CLX,LW_SS01_TXF.SEPAM.Pro59NU1,,,,,,,Transformer Sepam - U1 Neutral Overvoltage,,,0x0012d7e0,,,,,,LW1_Cl,LW1.Sub1,,,LW903 Sub1,Transformer Sepam,Alm_Trip,,,,,,,7858a031-f96f-4c84-62b2-14c50f30291f
LW_Sub1_TXF_Sepam_U2_NeutralOverVoltage,DIGITAL,LW_Sub1_CLX,LW_SS01_TXF.SEPAM.Pro59NU2,,,,,,,Transformer Sepam - U2 Neutral Overvoltage,,,0x0012d7f0,,,,,,LW1_Cl,LW1.Sub1,,,LW903 Sub1,Transformer Sepam,Alm_Trip,,,,,,,d2059005-0a87-4860-2d95-142b17e9d0b7
LW_Sub1_TXF_Sepam_U1_OverFrequency,DIGITAL,LW_Sub1_CLX,LW_SS01_TXF.SEPAM.Pro81HU1,,,,,,,Transformer Sepam - U1 Overfrequency,,,0x0012d800,,,,,,LW1_Cl,LW1.Sub1,,,LW903 Sub1,Transformer Sepam,Alm_Trip,,,,,,,2454072a-b89b-44cb-2fa6-c38bef055ff7
LW_Sub1_TXF_Sepam_U2_OverFrequency,DIGITAL,LW_Sub1_CLX,LW_SS01_TXF.SEPAM.Pro81HU2,,,,,,,Transformer Sepam - U2 Overfrequency,,,0x0012d810,,,,,,LW1_Cl,LW1.Sub1,,,LW903 Sub1,Transformer Sepam,Alm_Trip,,,,,,,7c77a7ea-956a-49ae-00b9-a9754201d214
LW_Sub1_TXF_Sepam_U1_UnderFrequency,DIGITAL,LW_Sub1_CLX,LW_SS01_TXF.SEPAM.Pro81LU1,,,,,,,Transformer Sepam - U1 Underfrequency,,,0x0012d820,,,,,,LW1_Cl,LW1.Sub1,,,LW903 Sub1,Transformer Sepam,Alm_Trip,,,,,,,f86375b2-43e6-4545-5aa3-28dfb4435d26
LW_Sub1_TXF_Sepam_U2_UnderFrequency,DIGITAL,LW_Sub1_CLX,LW_SS01_TXF.SEPAM.Pro81LU2,,,,,,,Transformer Sepam - U2 Underfrequency,,,0x0012d830,,,,,,LW1_Cl,LW1.Sub1,,,LW903 Sub1,Transformer Sepam,Alm_Trip,,,,,,,b95b3c8b-41fe-4fc9-d7b0-ffacfa3bb999
LW_Sub1_TXF_Sepam_U3_UnderFrequency,DIGITAL,LW_Sub1_CLX,LW_SS01_TXF.SEPAM.Pro81LU3,,,,,,,Transformer Sepam - U3 Underfrequency,,,0x0012d840,,,,,,LW1_Cl,LW1.Sub1,,,LW903 Sub1,Transformer Sepam,Alm_Trip,,,,,,,bf036ab0-046a-43c5-21a8-af79c822ec23
LW_Sub1_TXF_Sepam_U4_UnderFrequency,DIGITAL,LW_Sub1_CLX,LW_SS01_TXF.SEPAM.Pro81LU4,,,,,,,Transformer Sepam - U4 Underfrequency,,,0x0012d850,,,,,,LW1_Cl,LW1.Sub1,,,LW903 Sub1,Transformer Sepam,Alm_Trip,,,,,,,c4454d9c-6ab4-4ce9-7ea7-637ee83359bb
LW_Sub1_TXF_Sepam_NegativeSeqOverVoltage,DIGITAL,LW_Sub1_CLX,LW_SS01_TXF.SEPAM.Pro47,,,,,,,Transformer Sepam - Negative Sequence Overvoltage,,,0x0012d860,,,,,,LW1_Cl,LW1.Sub1,,,LW903 Sub1,Transformer Sepam,Alm_Trip,,,,,,,c943d5ff-9480-45f3-7984-56c5bd2f8acd
LW_Sub1_TXF_Sepam_BreakerFailure,DIGITAL,LW_Sub1_CLX,LW_SS01_TXF.SEPAM.Pro50BF,,,,,,,Transformer Sepam - Breaker Failure,,,0x0012d870,,,,,,LW1_Cl,LW1.Sub1,,,LW903 Sub1,Transformer Sepam,Alm_Trip,,,,,,,244ab9af-9bf3-460f-96ae-7be3b6b61a4a
LW_Sub1_TXF_Sepam_Comms_T,DIGITAL,LW_Sub1_CLX,LW_SS01_TXF.SEPAM.ComErr,,,,,,,Transformer Sepam - Communications Error,,,0x0012d880,,,,,,LW1_Cl,LW1.Sub1,,,LW903 Sub1,Transformer Sepam,Alm_Trip,,,,,,,2ff24d4a-171f-43b8-ef82-f5e213e51e57
LW_Sub1_Cisco_402N1_Status_P1,DIGITAL,LW_Sub1_CLX,AQLW_SS01_402N1:I1.Data[1]/1,,,,,,,Cisco - N1 - Ethernet Port 1 Status,,,0x0012d890,,,,,,LW1_Cl,LW1.Sub1,,,LW903 Sub1,Cisco,,,,,,,,15f61a1a-e0ae-4298-ffb2-c16e033185d2
LW_Sub1_Cisco_402N1_Status_P2,DIGITAL,LW_Sub1_CLX,AQLW_SS01_402N1:I1.Data[1]/2,,,,,,,Cisco - N1 - Ethernet Port 2 Status,,,0x0012d8a0,,,,,,LW1_Cl,LW1.Sub1,,,LW903 Sub1,Cisco,,,,,,,,b604d54e-10ab-4454-65b7-3956fd7aadde
LW_Sub1_Cisco_402N1_Status_P3,DIGITAL,LW_Sub1_CLX,AQLW_SS01_402N1:I1.Data[1]/3,,,,,,,Cisco - N1 - Ethernet Port 3 Status,,,0x0012d8b0,,,,,,LW1_Cl,LW1.Sub1,,,LW903 Sub1,Cisco,,,,,,,,3068bda2-7c62-425c-63b9-8f2a2a9f55a4
LW_Sub1_Cisco_402N1_Status_P4,DIGITAL,LW_Sub1_CLX,AQLW_SS01_402N1:I1.Data[1]/4,,,,,,,Cisco - N1 - Ethernet Port 4 Status,,,0x0012d8c0,,,,,,LW1_Cl,LW1.Sub1,,,LW903 Sub1,Cisco,,,,,,,,c0d932ec-a1fa-40b3-14ae-1f43ac9df1e2
LW_Sub1_Cisco_402N1_Status_P5,DIGITAL,LW_Sub1_CLX,AQLW_SS01_402N1:I1.Data[1]/5,,,,,,,Cisco - N1 - Ethernet Port 5 Status,,,0x0012d8d0,,,,,,LW1_Cl,LW1.Sub1,,,LW903 Sub1,Cisco,,,,,,,,b275936d-e525-4713-358c-6874451b77d4
LW_Sub1_Cisco_402N1_Status_P6,DIGITAL,LW_Sub1_CLX,AQLW_SS01_402N1:I1.Data[1]/6,,,,,,,Cisco - N1 - Ethernet Port 6 Status,,,0x0012d8e0,,,,,,LW1_Cl,LW1.Sub1,,,LW903 Sub1,Cisco,,,,,,,,673a2319-857e-4535-6ba2-2d33933ac0b8
LW_Sub1_Cisco_402N1_Status_P7,DIGITAL,LW_Sub1_CLX,AQLW_SS01_402N1:I1.Data[1]/7,,,,,,,Cisco - N1 - Ethernet Port 7 Status,,,0x0012d8f0,,,,,,LW1_Cl,LW1.Sub1,,,LW903 Sub1,Cisco,,,,,,,,5224293d-9646-4965-2db0-04a8717a9a62
LW_Sub1_Cisco_402N1_Status_P8,DIGITAL,LW_Sub1_CLX,AQLW_SS01_402N1:I1.Data[1]/8,,,,,,,Cisco - N1 - Ethernet Port 8 Status,,,0x0012d900,,,,,,LW1_Cl,LW1.Sub1,,,LW903 Sub1,Cisco,,,,,,,,5159bc0a-cca1-4576-fd8f-01a764524629
LW_Sub1_Cisco_402N1_Status_P9,DIGITAL,LW_Sub1_CLX,AQLW_SS01_402N1:I1.Data[1]/9,,,,,,,Cisco - N1 - Ethernet Port 9 Status,,,0x0012d910,,,,,,LW1_Cl,LW1.Sub1,,,LW903 Sub1,Cisco,,,,,,,,2934391f-dadf-4a51-3280-a05cef8e3d1f
LW_Sub1_Cisco_402N1_Status_P10,DIGITAL,LW_Sub1_CLX,AQLW_SS01_402N1:I1.Data[1]/10,,,,,,,Cisco - N1 - Ethernet Port 10 Status,,,0x0012d920,,,,,,LW1_Cl,LW1.Sub1,,,LW903 Sub1,Cisco,,,,,,,,0ed08f58-e1fe-413d-798a-023bcea7cd3e
LW_Sub1_Cisco_402N2_Status_P1,DIGITAL,LW_Sub1_CLX,AQLW_SS01_402N1:I1.Data[1]/11,,,,,,,Cisco - N2 - Ethernet Port 1 Status,,,0x0012d930,,,,,,LW1_Cl,LW1.Sub1,,,LW903 Sub1,Cisco,,,,,,,,6e86ad7e-be84-4a66-2eb2-808f67348774
LW_Sub1_Cisco_402N2_Status_P2,DIGITAL,LW_Sub1_CLX,AQLW_SS01_402N1:I1.Data[1]/12,,,,,,,Cisco - N2 - Ethernet Port 2 Status,,,0x0012d940,,,,,,LW1_Cl,LW1.Sub1,,,LW903 Sub1,Cisco,,,,,,,,40477189-a1c6-4465-d182-a6f457324acc
LW_Sub1_Cisco_402N2_Status_P3,DIGITAL,LW_Sub1_CLX,AQLW_SS01_402N1:I1.Data[1]/13,,,,,,,Cisco - N2 - Ethernet Port 3 Status,,,0x0012d950,,,,,,LW1_Cl,LW1.Sub1,,,LW903 Sub1,Cisco,,,,,,,,e3e77025-9be9-45b6-219f-a490b7dd4be6
LW_Sub1_Cisco_402N2_Status_P4,DIGITAL,LW_Sub1_CLX,AQLW_SS01_402N1:I1.Data[1]/14,,,,,,,Cisco - N2 - Ethernet Port 4 Status,,,0x0012d960,,,,,,LW1_Cl,LW1.Sub1,,,LW903 Sub1,Cisco,,,,,,,,b7e70c69-8000-4bd0-88a0-eba570c6c2e3
LW_Sub1_Cisco_402N2_Status_P5,DIGITAL,LW_Sub1_CLX,AQLW_SS01_402N1:I1.Data[1]/15,,,,,,,Cisco - N2 - Ethernet Port 5 Status,,,0x0012d970,,,,,,LW1_Cl,LW1.Sub1,,,LW903 Sub1,Cisco,,,,,,,,c7585ff4-30fe-47b2-49a5-27e9fb559284
LW_Sub1_Cisco_402N2_Status_P6,DIGITAL,LW_Sub1_CLX,AQLW_SS01_402N1:I1.Data[1]/16,,,,,,,Cisco - N2 - Ethernet Port 6 Status,,,0x0012d980,,,,,,LW1_Cl,LW1.Sub1,,,LW903 Sub1,Cisco,,,,,,,,aeea16c5-b278-43c1-6a90-007c7b855925
LW_Sub1_Cisco_402N2_Status_P7,DIGITAL,LW_Sub1_CLX,AQLW_SS01_402N1:I1.Data[1]/17,,,,,,,Cisco - N2 - Ethernet Port 7 Status,,,0x0012d990,,,,,,LW1_Cl,LW1.Sub1,,,LW903 Sub1,Cisco,,,,,,,,c0d94fa1-f999-493d-ff82-76df8527cf28
LW_Sub1_Cisco_402N2_Status_P8,DIGITAL,LW_Sub1_CLX,AQLW_SS01_402N1:I1.Data[1]/18,,,,,,,Cisco - N2 - Ethernet Port 8 Status,,,0x0012d9a0,,,,,,LW1_Cl,LW1.Sub1,,,LW903 Sub1,Cisco,,,,,,,,1b2ea8f9-8dbb-4644-54b9-41c9c0fdbe6e
LW_Sub1_Cisco_402N2_Status_ConnectionFaulted,DIGITAL,LW_Sub1_CLX,AQLW_SS01_402N1:I1.ConnectionFaulted,,,,,,,Cisco - Connection Faulted,,,0x0012d9b0,,,,,,LW1_Cl,LW1.Sub1,,,LW903 Sub1,Cisco,Alm_Warning,,,,,,,ddfa2314-7adf-43e0-40a1-1684c677f415
